run_key,run_label,experiment,harness,agent,model,mode,audit_id,roles,source_types,total_calls,agent_calls,runner_calls,unique_commands,top_intent,top_intent_calls,top_primary_command,top_primary_command_calls,top_tool_family,top_tool_family_calls,inspection_calls,blockchain_rpc_calls,mutation_calls,compound_calls,mutating_flag_calls,nonzero_exit_calls,unknown_exit_calls
runs/phase6/vllm-4trees-2026-05-04/modal-forest-qwen-vllm-4trees-debug/2026-05-04T11-57-08-GMT_run-group_mini-swe-agent-modal-forest-qwen-vllm-4trees-debug_detect,phase6/vllm-4trees-2026-05-04/modal-forest-qwen-vllm-4trees-debug,runs/phase6,mini-swe-agent-forest,mini-swe-agent-forest,unknown,detect,2024-01-canto,"access-control/branch-01, access-control/judge, accounting/branch-01, accounting/judge, cross-contract/branch-01, cross-contract/judge, global-judge, scout, token-flow/branch-01, token-flow/judge","agent_bash_tool, modal_runner_command",193,192,1,76,code_or_file_inspection,161,cat,132,file_reader,135,176,0,7,32,7,1,1
runs/phase6/qwen-vllm-2tree-canto-2026-05-05/modal-forest-qwen-vllm-2trees-debug/2026-05-05T15-29-29-GMT_run-group_mini-swe-agent-modal-forest-qwen-vllm-2trees-debug_detect,phase6/qwen-vllm-2tree-canto-2026-05-05/modal-forest-qwen-vllm-2trees-debug,runs/phase6,mini-swe-agent-forest,mini-swe-agent-forest,unknown,detect,2024-01-canto,"accounting/branch-01, accounting/judge, global-judge, scout, token-flow/branch-01, token-flow/judge","agent_bash_tool, modal_runner_command",101,100,1,52,code_or_file_inspection,89,cat,77,file_reader,78,91,0,9,20,9,0,1
runs/rca/qwen-vllm-2tree-canto-2026-05-05/modal-forest-qwen-vllm-2trees-debug/2026-05-05T15-29-29-GMT_run-group_mini-swe-agent-modal-forest-qwen-vllm-2trees-debug_detect,rca/qwen-vllm-2tree-canto-2026-05-05/modal-forest-qwen-vllm-2trees-debug,runs/rca,mini-swe-agent-forest,mini-swe-agent-forest,unknown,detect,2024-01-canto,"accounting/branch-01, accounting/judge, global-judge, scout, token-flow/branch-01, token-flow/judge","agent_bash_tool, modal_runner_command",101,100,1,52,code_or_file_inspection,89,cat,77,file_reader,78,91,0,9,20,9,0,1
runs/openrouter-v1/openrouter-owl-alpha-rich4-patch-20260515T155754Z/evmbench_runs/codex--openrouter__owl-alpha-377195ae--patch--2023-12-ethereumcreditguild/2026-05-15T15-59-41-GMT_run-group_codex-openrouter-v1_patch,codex--openrouter__owl-alpha-377195ae--patch--2023-12-ethereumcreditguild,runs/openrouter-v1,codex,codex,openrouter__owl-alpha-377195ae,patch,2023-12-ethereumcreditguild,,agent_command_execution,90,90,0,89,code_or_file_inspection,56,sed,29,file_reader,60,66,0,21,61,20,5,2
runs/openrouter-v1/openrouter-owl-alpha-rich4-patch-20260515T155754Z/evmbench_runs/codex--openrouter__owl-alpha-377195ae--patch--2024-05-olas/2026-05-15T16-53-17-GMT_run-group_codex-openrouter-v1_patch,codex--openrouter__owl-alpha-377195ae--patch--2024-05-olas,runs/openrouter-v1,codex,codex,openrouter__owl-alpha-377195ae,patch,2024-05-olas,,agent_command_execution,82,82,0,82,code_or_file_inspection,72,sed,36,file_reader,66,82,0,0,16,0,0,0
runs/openrouter-v1/openai-gpt-5.4-opencode-panoptic-rerun-20260513T122729Z/evmbench_runs/opencode--gpt-5.4-6641e7fa--exploit--2025-06-panoptic/2026-05-13T13-28-35-GMT_run-group_opencode-openrouter-v1_exploit,opencode--gpt-5.4-6641e7fa--exploit--2025-06-panoptic,runs/openrouter-v1,opencode,opencode,gpt-5.4-6641e7fa,exploit,2025-06-panoptic,,agent_bash_tool,64,64,0,63,blockchain_rpc_probe,62,cast,60,blockchain_rpc,62,1,62,0,6,0,7,0
runs/openrouter-v1/openai-gpt-5.4-both-blackhole-allmodes-20260515T132540Z/evmbench_runs/codex--gpt-5.4-6641e7fa--exploit--2025-05-blackhole/2026-05-15T13-37-57-GMT_run-group_codex-openrouter-v1_exploit,codex--gpt-5.4-6641e7fa--exploit--2025-05-blackhole,runs/openrouter-v1,codex,codex,gpt-5.4-6641e7fa,exploit,2025-05-blackhole,,agent_command_execution,62,62,0,62,file_or_repo_mutation,24,for,23,blockchain_rpc,36,12,18,24,62,24,7,0
runs/openrouter-v1/openai-gpt-5.4-both-blackhole-allmodes-20260515T132540Z/evmbench_runs/opencode--gpt-5.4-6641e7fa--exploit--2025-05-blackhole/2026-05-15T15-04-53-GMT_run-group_opencode-openrouter-v1_exploit,opencode--gpt-5.4-6641e7fa--exploit--2025-05-blackhole,runs/openrouter-v1,opencode,opencode,gpt-5.4-6641e7fa,exploit,2025-05-blackhole,,agent_bash_tool,50,50,0,50,blockchain_rpc_probe,44,cast,40,blockchain_rpc,44,0,44,0,37,0,12,0
runs/openrouter-v1/openai-gpt-5.4-sample-panoptic-all-modes/evmbench_runs/codex--gpt-5.4-6641e7fa--exploit--2025-06-panoptic/2026-05-12T15-45-09-GMT_run-group_codex-openrouter-v1_exploit,codex--gpt-5.4-6641e7fa--exploit--2025-06-panoptic,runs/openrouter-v1,codex,codex,gpt-5.4-6641e7fa,exploit,2025-06-panoptic,,agent_command_execution,42,42,0,42,blockchain_rpc_probe,19,export,14,blockchain_rpc,18,14,19,7,42,7,10,0
runs/openrouter-v1/openai-gpt-5.4-both-blackhole-allmodes-20260515T132540Z/evmbench_runs/codex--gpt-5.4-6641e7fa--detect--2025-05-blackhole/2026-05-15T13-27-23-GMT_run-group_codex-openrouter-v1_detect,codex--gpt-5.4-6641e7fa--detect--2025-05-blackhole,runs/openrouter-v1,codex,codex,gpt-5.4-6641e7fa,detect,2025-05-blackhole,,agent_command_execution,27,27,0,27,code_or_file_inspection,15,nl,13,file_reader,19,21,0,5,26,4,0,0
runs/openrouter-v1/openai-gpt-5.4-sample-panoptic-all-modes/evmbench_runs/codex--gpt-5.4-6641e7fa--patch--2025-06-panoptic/2026-05-12T15-40-47-GMT_run-group_codex-openrouter-v1_patch,codex--gpt-5.4-6641e7fa--patch--2025-06-panoptic,runs/openrouter-v1,codex,codex,gpt-5.4-6641e7fa,patch,2025-06-panoptic,,agent_command_execution,24,24,0,24,script_or_runtime,13,bash,14,language_runtime,14,0,0,11,22,11,9,0
runs/openrouter-v1/openai-gpt-5.4-sample-panoptic-all-modes/evmbench_runs/codex--gpt-5.4-6641e7fa--detect--2025-06-panoptic/2026-05-12T15-38-02-GMT_run-group_codex-openrouter-v1_detect,codex--gpt-5.4-6641e7fa--detect--2025-06-panoptic,runs/openrouter-v1,codex,codex,gpt-5.4-6641e7fa,detect,2025-06-panoptic,,agent_command_execution,22,22,0,22,code_or_file_inspection,12,sed,12,file_reader,15,15,0,6,22,6,0,0
runs/openrouter-v1/openai-gpt-5.4-sample-detect-only-small/evmbench_runs/codex--gpt-5.4-6641e7fa--detect--2024-03-gitcoin/2026-05-13T16-26-31-GMT_run-group_codex-openrouter-v1_detect,codex--gpt-5.4-6641e7fa--detect--2024-03-gitcoin,runs/openrouter-v1,codex,codex,gpt-5.4-6641e7fa,detect,2024-03-gitcoin,,agent_command_execution,20,20,0,20,other,8,set,16,other_cli,11,5,0,7,20,6,3,4
runs/openrouter-v1/openai-gpt-5.4-both-blackhole-allmodes-20260515T132540Z/evmbench_runs/codex--gpt-5.4-6641e7fa--patch--2025-05-blackhole/2026-05-15T13-35-46-GMT_run-group_codex-openrouter-v1_patch,codex--gpt-5.4-6641e7fa--patch--2025-05-blackhole,runs/openrouter-v1,codex,codex,gpt-5.4-6641e7fa,patch,2025-05-blackhole,,agent_command_execution,16,16,0,16,code_or_file_inspection,7,sed,6,file_reader,7,9,0,6,16,6,6,0
runs/openrouter-v1/openai-gpt-5.4-sample-detect-only-small/evmbench_runs/codex--gpt-5.4-6641e7fa--detect--2025-02-thorwallet/2026-05-13T16-48-34-GMT_run-group_codex-openrouter-v1_detect,codex--gpt-5.4-6641e7fa--detect--2025-02-thorwallet,runs/openrouter-v1,codex,codex,gpt-5.4-6641e7fa,detect,2025-02-thorwallet,,agent_command_execution,14,14,0,14,other,5,set,13,other_cli,9,3,0,5,14,5,3,0
runs/openrouter-v1/openai-gpt-5.4-both-blackhole-allmodes-20260515T132540Z/evmbench_runs/opencode--gpt-5.4-6641e7fa--patch--2025-05-blackhole/2026-05-15T14-39-40-GMT_run-group_opencode-openrouter-v1_patch,opencode--gpt-5.4-6641e7fa--patch--2025-05-blackhole,runs/openrouter-v1,opencode,opencode,gpt-5.4-6641e7fa,patch,2025-05-blackhole,,agent_bash_tool,12,12,0,9,version_control,8,git,8,version_control,8,0,0,4,1,4,1,0
runs/openrouter-v1/openai-gpt-5.4-sample-detect-only-small/evmbench_runs/codex--gpt-5.4-6641e7fa--detect--2024-05-loop/2026-05-13T16-45-50-GMT_run-group_codex-openrouter-v1_detect,codex--gpt-5.4-6641e7fa--detect--2024-05-loop,runs/openrouter-v1,codex,codex,gpt-5.4-6641e7fa,detect,2024-05-loop,,agent_command_execution,9,9,0,9,other,3,set,9,file_reader,5,3,0,3,9,2,2,0
runs/openrouter-v1/openai-gpt-5.4-sample-detect-only-small/evmbench_runs/opencode--gpt-5.4-6641e7fa--detect--2024-05-loop/2026-05-13T17-26-53-GMT_run-group_opencode-openrouter-v1_detect,opencode--gpt-5.4-6641e7fa--detect--2024-05-loop,runs/openrouter-v1,opencode,opencode,gpt-5.4-6641e7fa,detect,2024-05-loop,,agent_bash_tool,7,7,0,7,version_control,4,gh,3,version_control,4,1,1,1,1,1,4,0
runs/openrouter-v1/openai-gpt-5.4-opencode-panoptic-rerun-20260513T122729Z/evmbench_runs/opencode--gpt-5.4-6641e7fa--patch--2025-06-panoptic/2026-05-13T12-58-20-GMT_run-group_opencode-openrouter-v1_patch,opencode--gpt-5.4-6641e7fa--patch--2025-06-panoptic,runs/openrouter-v1,opencode,opencode,gpt-5.4-6641e7fa,patch,2025-06-panoptic,,agent_bash_tool,6,6,0,6,script_or_runtime,4,python3,4,language_runtime,4,0,0,2,4,2,0,0
runs/openrouter-v1/openai-gpt-5.4-both-blackhole-allmodes-20260515T132540Z/evmbench_runs/opencode--gpt-5.4-6641e7fa--detect--2025-05-blackhole/2026-05-15T14-09-18-GMT_run-group_opencode-openrouter-v1_detect,opencode--gpt-5.4-6641e7fa--detect--2025-05-blackhole,runs/openrouter-v1,opencode,opencode,gpt-5.4-6641e7fa,detect,2025-05-blackhole,,agent_bash_tool,5,5,0,4,code_or_file_inspection,3,ls,3,filesystem_inventory,3,3,0,0,0,0,0,0
runs/openrouter-v1/openrouter-owl-alpha-rich4-patch-20260515T155754Z/evmbench_runs/codex--openrouter__owl-alpha-377195ae--patch--2023-10-nextgen/2026-05-15T15-58-29-GMT_run-group_codex-openrouter-v1_patch,codex--openrouter__owl-alpha-377195ae--patch--2023-10-nextgen,runs/openrouter-v1,codex,codex,openrouter__owl-alpha-377195ae,patch,2023-10-nextgen,,agent_command_execution,3,3,0,3,code_or_file_inspection,3,ls,2,filesystem_inventory,2,3,0,0,0,0,0,0
runs/openrouter-v1/openai-gpt-5.4-sample-detect-only-small/evmbench_runs/opencode--gpt-5.4-6641e7fa--detect--2024-03-gitcoin/2026-05-13T16-56-31-GMT_run-group_opencode-openrouter-v1_detect,opencode--gpt-5.4-6641e7fa--detect--2024-03-gitcoin,runs/openrouter-v1,opencode,opencode,gpt-5.4-6641e7fa,detect,2024-03-gitcoin,,agent_bash_tool,3,3,0,3,code_or_file_inspection,2,ls,2,filesystem_inventory,2,2,0,0,1,0,0,0
runs/openrouter-v1/openai-gpt-5.4-sample-detect-only-small/evmbench_runs/opencode--gpt-5.4-6641e7fa--detect--2025-02-thorwallet/2026-05-13T17-55-36-GMT_run-group_opencode-openrouter-v1_detect,opencode--gpt-5.4-6641e7fa--detect--2025-02-thorwallet,runs/openrouter-v1,opencode,opencode,gpt-5.4-6641e7fa,detect,2025-02-thorwallet,,agent_bash_tool,3,3,0,3,build_or_test,1,npx,1,package_manager,1,0,0,2,2,2,1,0
codex--gpt-5.4-6641e7fa--detect--2024-03-gitcoin,codex--gpt-5.4-6641e7fa--detect--2024-03-gitcoin,runs/openrouter-v1,codex,codex,gpt-5.4-6641e7fa,detect,2024-03-gitcoin,,runner_command,2,0,2,1,run_orchestration,2,uv,2,package_manager,2,0,0,0,0,0,0,0
codex--gpt-5.4-6641e7fa--detect--2024-05-loop,codex--gpt-5.4-6641e7fa--detect--2024-05-loop,runs/openrouter-v1,codex,codex,gpt-5.4-6641e7fa,detect,2024-05-loop,,runner_command,2,0,2,1,run_orchestration,2,uv,2,package_manager,2,0,0,0,0,0,0,0
codex--gpt-5.4-6641e7fa--detect--2025-02-thorwallet,codex--gpt-5.4-6641e7fa--detect--2025-02-thorwallet,runs/openrouter-v1,codex,codex,gpt-5.4-6641e7fa,detect,2025-02-thorwallet,,runner_command,2,0,2,1,run_orchestration,2,uv,2,package_manager,2,0,0,0,0,0,0,0
codex--gpt-5.4-6641e7fa--detect--2025-05-blackhole,codex--gpt-5.4-6641e7fa--detect--2025-05-blackhole,runs/openrouter-v1,codex,codex,gpt-5.4-6641e7fa,detect,2025-05-blackhole,,runner_command,2,0,2,1,run_orchestration,2,uv,2,package_manager,2,0,0,0,0,0,0,0
codex--gpt-5.4-6641e7fa--exploit--2025-05-blackhole,codex--gpt-5.4-6641e7fa--exploit--2025-05-blackhole,runs/openrouter-v1,codex,codex,gpt-5.4-6641e7fa,exploit,2025-05-blackhole,,runner_command,2,0,2,1,run_orchestration,2,uv,2,package_manager,2,0,0,0,0,0,0,0
codex--gpt-5.4-6641e7fa--patch--2025-05-blackhole,codex--gpt-5.4-6641e7fa--patch--2025-05-blackhole,runs/openrouter-v1,codex,codex,gpt-5.4-6641e7fa,patch,2025-05-blackhole,,runner_command,2,0,2,1,run_orchestration,2,uv,2,package_manager,2,0,0,0,0,0,0,0
codex--openrouter__owl-alpha-377195ae--patch--2023-10-nextgen,codex--openrouter__owl-alpha-377195ae--patch--2023-10-nextgen,runs/openrouter-v1,codex,codex,openrouter__owl-alpha-377195ae,patch,2023-10-nextgen,,runner_command,2,0,2,1,run_orchestration,2,uv,2,package_manager,2,0,0,0,0,0,0,0
codex--openrouter__owl-alpha-377195ae--patch--2023-12-ethereumcreditguild,codex--openrouter__owl-alpha-377195ae--patch--2023-12-ethereumcreditguild,runs/openrouter-v1,codex,codex,openrouter__owl-alpha-377195ae,patch,2023-12-ethereumcreditguild,,runner_command,2,0,2,1,run_orchestration,2,uv,2,package_manager,2,0,0,0,0,0,0,0
codex--openrouter__owl-alpha-377195ae--patch--2024-05-olas,codex--openrouter__owl-alpha-377195ae--patch--2024-05-olas,runs/openrouter-v1,codex,codex,openrouter__owl-alpha-377195ae,patch,2024-05-olas,,runner_command,2,0,2,1,run_orchestration,2,uv,2,package_manager,2,0,0,0,0,0,0,0
codex--openrouter__owl-alpha-377195ae--patch--2024-07-basin,codex--openrouter__owl-alpha-377195ae--patch--2024-07-basin,runs/openrouter-v1,codex,codex,openrouter__owl-alpha-377195ae,patch,2024-07-basin,,runner_command,2,0,2,1,run_orchestration,2,uv,2,package_manager,2,0,0,0,0,0,0,0
opencode--gpt-5.4-6641e7fa--detect--2024-03-gitcoin,opencode--gpt-5.4-6641e7fa--detect--2024-03-gitcoin,runs/openrouter-v1,opencode,opencode,gpt-5.4-6641e7fa,detect,2024-03-gitcoin,,runner_command,2,0,2,1,run_orchestration,2,uv,2,package_manager,2,0,0,0,0,0,0,0
opencode--gpt-5.4-6641e7fa--detect--2024-05-loop,opencode--gpt-5.4-6641e7fa--detect--2024-05-loop,runs/openrouter-v1,opencode,opencode,gpt-5.4-6641e7fa,detect,2024-05-loop,,runner_command,2,0,2,1,run_orchestration,2,uv,2,package_manager,2,0,0,0,0,0,0,0
opencode--gpt-5.4-6641e7fa--detect--2025-02-thorwallet,opencode--gpt-5.4-6641e7fa--detect--2025-02-thorwallet,runs/openrouter-v1,opencode,opencode,gpt-5.4-6641e7fa,detect,2025-02-thorwallet,,runner_command,2,0,2,1,run_orchestration,2,uv,2,package_manager,2,0,0,0,0,0,0,0
opencode--gpt-5.4-6641e7fa--detect--2025-05-blackhole,opencode--gpt-5.4-6641e7fa--detect--2025-05-blackhole,runs/openrouter-v1,opencode,opencode,gpt-5.4-6641e7fa,detect,2025-05-blackhole,,runner_command,2,0,2,1,run_orchestration,2,uv,2,package_manager,2,0,0,0,0,0,0,0
opencode--gpt-5.4-6641e7fa--detect--2025-06-panoptic,opencode--gpt-5.4-6641e7fa--detect--2025-06-panoptic,runs/openrouter-v1,opencode,opencode,gpt-5.4-6641e7fa,detect,2025-06-panoptic,,runner_command,2,0,2,1,run_orchestration,2,uv,2,package_manager,2,0,0,0,0,0,0,0
opencode--gpt-5.4-6641e7fa--exploit--2025-05-blackhole,opencode--gpt-5.4-6641e7fa--exploit--2025-05-blackhole,runs/openrouter-v1,opencode,opencode,gpt-5.4-6641e7fa,exploit,2025-05-blackhole,,runner_command,2,0,2,1,run_orchestration,2,uv,2,package_manager,2,0,0,0,0,0,0,0
opencode--gpt-5.4-6641e7fa--exploit--2025-06-panoptic,opencode--gpt-5.4-6641e7fa--exploit--2025-06-panoptic,runs/openrouter-v1,opencode,opencode,gpt-5.4-6641e7fa,exploit,2025-06-panoptic,,runner_command,2,0,2,1,run_orchestration,2,uv,2,package_manager,2,0,0,0,0,0,0,0
opencode--gpt-5.4-6641e7fa--patch--2025-05-blackhole,opencode--gpt-5.4-6641e7fa--patch--2025-05-blackhole,runs/openrouter-v1,opencode,opencode,gpt-5.4-6641e7fa,patch,2025-05-blackhole,,runner_command,2,0,2,1,run_orchestration,2,uv,2,package_manager,2,0,0,0,0,0,0,0
opencode--gpt-5.4-6641e7fa--patch--2025-06-panoptic,opencode--gpt-5.4-6641e7fa--patch--2025-06-panoptic,runs/openrouter-v1,opencode,opencode,gpt-5.4-6641e7fa,patch,2025-06-panoptic,,runner_command,2,0,2,1,run_orchestration,2,uv,2,package_manager,2,0,0,0,0,0,0,0
opencode--openrouter__owl-alpha-377195ae--patch--2023-10-nextgen,opencode--openrouter__owl-alpha-377195ae--patch--2023-10-nextgen,runs/openrouter-v1,opencode,opencode,openrouter__owl-alpha-377195ae,patch,2023-10-nextgen,,runner_command,2,0,2,1,run_orchestration,2,uv,2,package_manager,2,0,0,0,0,0,0,0
opencode--openrouter__owl-alpha-377195ae--patch--2023-12-ethereumcreditguild,opencode--openrouter__owl-alpha-377195ae--patch--2023-12-ethereumcreditguild,runs/openrouter-v1,opencode,opencode,openrouter__owl-alpha-377195ae,patch,2023-12-ethereumcreditguild,,runner_command,2,0,2,1,run_orchestration,2,uv,2,package_manager,2,0,0,0,0,0,0,0
opencode--openrouter__owl-alpha-377195ae--patch--2024-05-olas,opencode--openrouter__owl-alpha-377195ae--patch--2024-05-olas,runs/openrouter-v1,opencode,opencode,openrouter__owl-alpha-377195ae,patch,2024-05-olas,,runner_command,2,0,2,1,run_orchestration,2,uv,2,package_manager,2,0,0,0,0,0,0,0
opencode--openrouter__owl-alpha-377195ae--patch--2024-07-basin,opencode--openrouter__owl-alpha-377195ae--patch--2024-07-basin,runs/openrouter-v1,opencode,opencode,openrouter__owl-alpha-377195ae,patch,2024-07-basin,,runner_command,2,0,2,1,run_orchestration,2,uv,2,package_manager,2,0,0,0,0,0,0,0
chatcmpl-tool-805b45012d128e09,chatcmpl-tool-805b45012d128e09,runs/phase6,mini-swe-agent-forest,mini-swe-agent-forest,unknown,detect,2024-01-canto,accounting/judge,agent_bash_tool,1,1,0,1,code_or_file_inspection,1,cat,1,file_reader,1,1,0,0,0,0,0,0
chatcmpl-tool-805ecd6d6f8fee58,chatcmpl-tool-805ecd6d6f8fee58,runs/phase6,mini-swe-agent-forest,mini-swe-agent-forest,unknown,detect,2024-01-canto,token-flow/judge,agent_bash_tool,1,1,0,1,code_or_file_inspection,1,cat,1,file_reader,1,1,0,0,0,0,0,0
chatcmpl-tool-806850d414514109,chatcmpl-tool-806850d414514109,runs/phase6,mini-swe-agent-forest,mini-swe-agent-forest,unknown,detect,2024-01-canto,global-judge,agent_bash_tool,1,1,0,1,code_or_file_inspection,1,cat,1,file_reader,1,1,0,0,0,0,0,0
chatcmpl-tool-807051aec09922b0,chatcmpl-tool-807051aec09922b0,runs/phase6,mini-swe-agent-forest,mini-swe-agent-forest,unknown,detect,2024-01-canto,access-control/branch-01,agent_bash_tool,1,1,0,1,code_or_file_inspection,1,cat,1,file_reader,1,1,0,0,0,0,0,0
chatcmpl-tool-80c67b1090d30525,chatcmpl-tool-80c67b1090d30525,runs/phase6,mini-swe-agent-forest,mini-swe-agent-forest,unknown,detect,2024-01-canto,token-flow/branch-01,agent_bash_tool,1,1,0,1,code_or_file_inspection,1,cat,1,file_reader,1,1,0,0,1,0,0,0
chatcmpl-tool-80fd896a368f0e74,chatcmpl-tool-80fd896a368f0e74,runs/phase6,mini-swe-agent-forest,mini-swe-agent-forest,unknown,detect,2024-01-canto,accounting/judge,agent_bash_tool,1,1,0,1,code_or_file_inspection,1,cat,1,file_reader,1,1,0,0,0,0,0,0
chatcmpl-tool-816315cd232d0444,chatcmpl-tool-816315cd232d0444,runs/phase6,mini-swe-agent-forest,mini-swe-agent-forest,unknown,unknown,2024-01-canto,scout,agent_bash_tool,1,1,0,1,code_or_file_inspection,1,cat,1,file_reader,1,1,0,0,0,0,0,0
chatcmpl-tool-819a9a76c0b7e336,chatcmpl-tool-819a9a76c0b7e336,runs/phase6,mini-swe-agent-forest,mini-swe-agent-forest,unknown,detect,2024-01-canto,accounting/branch-01,agent_bash_tool,1,1,0,1,build_or_test,1,forge,1,build_test,1,0,0,1,1,1,0,0
chatcmpl-tool-81aa8f83f1ab4fe9,chatcmpl-tool-81aa8f83f1ab4fe9,runs/phase6,mini-swe-agent-forest,mini-swe-agent-forest,unknown,detect,2024-01-canto,token-flow/branch-01,agent_bash_tool,1,1,0,1,code_or_file_inspection,1,cat,1,file_reader,1,1,0,0,0,0,0,0
chatcmpl-tool-81af1463aca0f996,chatcmpl-tool-81af1463aca0f996,runs/phase6,mini-swe-agent-forest,mini-swe-agent-forest,unknown,detect,2024-01-canto,token-flow/judge,agent_bash_tool,1,1,0,1,code_or_file_inspection,1,cat,1,file_reader,1,1,0,0,0,0,0,0
chatcmpl-tool-81b04199344489cf,chatcmpl-tool-81b04199344489cf,runs/phase6,mini-swe-agent-forest,mini-swe-agent-forest,unknown,detect,2024-01-canto,global-judge,agent_bash_tool,1,1,0,1,file_or_repo_mutation,1,mkdir,1,other_cli,1,0,0,1,0,1,0,0
chatcmpl-tool-821307a54d697680,chatcmpl-tool-821307a54d697680,runs/phase6,mini-swe-agent-forest,mini-swe-agent-forest,unknown,detect,2024-01-canto,token-flow/judge,agent_bash_tool,1,1,0,1,code_or_file_inspection,1,cat,1,file_reader,1,1,0,0,0,0,0,0
chatcmpl-tool-823ac42a866685ba,chatcmpl-tool-823ac42a866685ba,runs/phase6,mini-swe-agent-forest,mini-swe-agent-forest,unknown,detect,2024-01-canto,access-control/judge,agent_bash_tool,1,1,0,1,code_or_file_inspection,1,cat,1,file_reader,1,1,0,0,0,0,0,0
chatcmpl-tool-823d7bef001aa13e,chatcmpl-tool-823d7bef001aa13e,runs/phase6,mini-swe-agent-forest,mini-swe-agent-forest,unknown,detect,2024-01-canto,cross-contract/branch-01,agent_bash_tool,1,1,0,1,code_or_file_inspection,1,ls,1,filesystem_inventory,1,1,0,0,0,0,0,0
chatcmpl-tool-8248c9d15c6c5a29,chatcmpl-tool-8248c9d15c6c5a29,runs/phase6,mini-swe-agent-forest,mini-swe-agent-forest,unknown,detect,2024-01-canto,cross-contract/branch-01,agent_bash_tool,1,1,0,1,code_or_file_inspection,1,cat,1,file_reader,1,1,0,0,1,0,0,0
chatcmpl-tool-825d18744ab6571c,chatcmpl-tool-825d18744ab6571c,runs/phase6,mini-swe-agent-forest,mini-swe-agent-forest,unknown,detect,2024-01-canto,token-flow/judge,agent_bash_tool,1,1,0,1,file_or_repo_mutation,1,cat,1,file_reader,1,0,0,1,1,1,0,0
chatcmpl-tool-829feccc484fb45d,chatcmpl-tool-829feccc484fb45d,runs/phase6,mini-swe-agent-forest,mini-swe-agent-forest,unknown,detect,2024-01-canto,token-flow/judge,agent_bash_tool,1,1,0,1,code_or_file_inspection,1,find,1,file_reader,1,1,0,0,1,0,0,0
chatcmpl-tool-82a1f36da917fddc,chatcmpl-tool-82a1f36da917fddc,runs/phase6,mini-swe-agent-forest,mini-swe-agent-forest,unknown,detect,2024-01-canto,access-control/judge,agent_bash_tool,1,1,0,1,code_or_file_inspection,1,cat,1,file_reader,1,1,0,0,0,0,0,0
chatcmpl-tool-832468404293f4be,chatcmpl-tool-832468404293f4be,runs/phase6,mini-swe-agent-forest,mini-swe-agent-forest,unknown,detect,2024-01-canto,token-flow/judge,agent_bash_tool,1,1,0,1,code_or_file_inspection,1,cat,1,file_reader,1,1,0,0,0,0,0,0
chatcmpl-tool-83268a06a21b59d7,chatcmpl-tool-83268a06a21b59d7,runs/phase6,mini-swe-agent-forest,mini-swe-agent-forest,unknown,detect,2024-01-canto,cross-contract/branch-01,agent_bash_tool,1,1,0,1,code_or_file_inspection,1,cat,1,file_reader,1,1,0,0,0,0,0,0
chatcmpl-tool-833835d19d2ce513,chatcmpl-tool-833835d19d2ce513,runs/phase6,mini-swe-agent-forest,mini-swe-agent-forest,unknown,detect,2024-01-canto,accounting/branch-01,agent_bash_tool,1,1,0,1,code_or_file_inspection,1,cat,1,file_reader,1,1,0,0,0,0,0,0
chatcmpl-tool-834b2b34a75df826,chatcmpl-tool-834b2b34a75df826,runs/phase6,mini-swe-agent-forest,mini-swe-agent-forest,unknown,detect,2024-01-canto,token-flow/branch-01,agent_bash_tool,1,1,0,1,code_search,1,grep,1,search,1,1,0,0,0,0,0,0
chatcmpl-tool-8367dd4a73bd1427,chatcmpl-tool-8367dd4a73bd1427,runs/phase6,mini-swe-agent-forest,mini-swe-agent-forest,unknown,detect,2024-01-canto,global-judge,agent_bash_tool,1,1,0,1,code_or_file_inspection,1,cat,1,file_reader,1,1,0,0,0,0,0,0
chatcmpl-tool-844eb462904b11c2,chatcmpl-tool-844eb462904b11c2,runs/phase6,mini-swe-agent-forest,mini-swe-agent-forest,unknown,detect,2024-01-canto,access-control/judge,agent_bash_tool,1,1,0,1,code_or_file_inspection,1,cat,1,file_reader,1,1,0,0,0,0,0,0
chatcmpl-tool-84b354bfc77ebb1c,chatcmpl-tool-84b354bfc77ebb1c,runs/phase6,mini-swe-agent-forest,mini-swe-agent-forest,unknown,detect,2024-01-canto,access-control/judge,agent_bash_tool,1,1,0,1,code_or_file_inspection,1,cat,1,file_reader,1,1,0,0,0,0,0,0
chatcmpl-tool-84f7fffad74c0bad,chatcmpl-tool-84f7fffad74c0bad,runs/phase6,mini-swe-agent-forest,mini-swe-agent-forest,unknown,detect,2024-01-canto,access-control/branch-01,agent_bash_tool,1,1,0,1,code_or_file_inspection,1,ls,1,filesystem_inventory,1,1,0,0,0,0,0,0
chatcmpl-tool-8534a3557361b1b1,chatcmpl-tool-8534a3557361b1b1,runs/phase6,mini-swe-agent-forest,mini-swe-agent-forest,unknown,detect,2024-01-canto,cross-contract/branch-01,agent_bash_tool,1,1,0,1,code_or_file_inspection,1,cat,1,file_reader,1,1,0,0,0,0,0,0
chatcmpl-tool-853b2ad15875f4f4,chatcmpl-tool-853b2ad15875f4f4,runs/phase6,mini-swe-agent-forest,mini-swe-agent-forest,unknown,detect,2024-01-canto,accounting/branch-01,agent_bash_tool,1,1,0,1,code_or_file_inspection,1,ls,1,filesystem_inventory,1,1,0,0,0,0,0,0
chatcmpl-tool-8554edbeefddf4d8,chatcmpl-tool-8554edbeefddf4d8,runs/phase6,mini-swe-agent-forest,mini-swe-agent-forest,unknown,detect,2024-01-canto,cross-contract/judge,agent_bash_tool,1,1,0,1,code_or_file_inspection,1,cat,1,file_reader,1,1,0,0,0,0,0,0
chatcmpl-tool-856ed1ef108fda78,chatcmpl-tool-856ed1ef108fda78,runs/phase6,mini-swe-agent-forest,mini-swe-agent-forest,unknown,detect,2024-01-canto,token-flow/branch-01,agent_bash_tool,1,1,0,1,code_or_file_inspection,1,cat,1,file_reader,1,1,0,0,1,0,0,0
chatcmpl-tool-858468ed1bbd6db5,chatcmpl-tool-858468ed1bbd6db5,runs/phase6,mini-swe-agent-forest,mini-swe-agent-forest,unknown,detect,2024-01-canto,access-control/branch-01,agent_bash_tool,1,1,0,1,code_or_file_inspection,1,cat,1,file_reader,1,1,0,0,0,0,0,0
chatcmpl-tool-85ea840e78ffea17,chatcmpl-tool-85ea840e78ffea17,runs/phase6,mini-swe-agent-forest,mini-swe-agent-forest,unknown,detect,2024-01-canto,cross-contract/judge,agent_bash_tool,1,1,0,1,code_or_file_inspection,1,cat,1,file_reader,1,1,0,0,0,0,0,0
chatcmpl-tool-85f2b37ba58c6648,chatcmpl-tool-85f2b37ba58c6648,runs/phase6,mini-swe-agent-forest,mini-swe-agent-forest,unknown,detect,2024-01-canto,access-control/judge,agent_bash_tool,1,1,0,1,code_or_file_inspection,1,cat,1,file_reader,1,1,0,0,0,0,0,0
chatcmpl-tool-86074124f6a710f6,chatcmpl-tool-86074124f6a710f6,runs/phase6,mini-swe-agent-forest,mini-swe-agent-forest,unknown,detect,2024-01-canto,global-judge,agent_bash_tool,1,1,0,1,code_or_file_inspection,1,cat,1,file_reader,1,1,0,0,0,0,0,0
chatcmpl-tool-86193e1035ff7f6d,chatcmpl-tool-86193e1035ff7f6d,runs/phase6,mini-swe-agent-forest,mini-swe-agent-forest,unknown,detect,2024-01-canto,token-flow/judge,agent_bash_tool,1,1,0,1,code_or_file_inspection,1,cat,1,file_reader,1,1,0,0,0,0,0,0
chatcmpl-tool-867c4a21b04e3107,chatcmpl-tool-867c4a21b04e3107,runs/vllm-smoke,mini-swe-agent-forest,mini-swe-agent-forest,unknown,detect,2026-05-04-ghcr,global-judge,agent_bash_tool,1,1,0,1,code_or_file_inspection,1,cat,1,file_reader,1,1,0,0,0,0,0,0
chatcmpl-tool-86a1c057819e6e53,chatcmpl-tool-86a1c057819e6e53,runs/phase6,mini-swe-agent-forest,mini-swe-agent-forest,unknown,detect,2024-01-canto,cross-contract/judge,agent_bash_tool,1,1,0,1,code_or_file_inspection,1,cat,1,file_reader,1,1,0,0,0,0,0,0
chatcmpl-tool-877e37b96f40ec10,chatcmpl-tool-877e37b96f40ec10,runs/vllm-smoke,mini-swe-agent-forest,mini-swe-agent-forest,unknown,detect,2026-05-04-ghcr,token-flow/branch-01,agent_bash_tool,1,1,0,1,code_or_file_inspection,1,cat,1,file_reader,1,1,0,0,0,0,0,0
chatcmpl-tool-87d4a2d5f0e9be95,chatcmpl-tool-87d4a2d5f0e9be95,runs/phase6,mini-swe-agent-forest,mini-swe-agent-forest,unknown,detect,2024-01-canto,token-flow/judge,agent_bash_tool,1,1,0,1,code_or_file_inspection,1,cat,1,file_reader,1,1,0,0,0,0,0,0
chatcmpl-tool-87e99018d1d30826,chatcmpl-tool-87e99018d1d30826,runs/phase6,mini-swe-agent-forest,mini-swe-agent-forest,unknown,detect,2024-01-canto,token-flow/judge,agent_bash_tool,1,1,0,1,code_or_file_inspection,1,cat,1,file_reader,1,1,0,0,0,0,0,0
chatcmpl-tool-880b5e13b711311e,chatcmpl-tool-880b5e13b711311e,runs/phase6,mini-swe-agent-forest,mini-swe-agent-forest,unknown,detect,2024-01-canto,accounting/branch-01,agent_bash_tool,1,1,0,1,code_search,1,grep,1,search,1,1,0,0,0,0,0,0
chatcmpl-tool-883fbe1dfcf5c4d1,chatcmpl-tool-883fbe1dfcf5c4d1,runs/phase6,mini-swe-agent-forest,mini-swe-agent-forest,unknown,detect,2024-01-canto,token-flow/branch-01,agent_bash_tool,1,1,0,1,code_or_file_inspection,1,cat,1,file_reader,1,1,0,0,0,0,0,0
chatcmpl-tool-88dfa0eb12174c09,chatcmpl-tool-88dfa0eb12174c09,runs/vllm-smoke,mini-swe-agent-forest,mini-swe-agent-forest,unknown,detect,2026-05-04-ghcr,token-flow/branch-01,agent_bash_tool,1,1,0,1,code_or_file_inspection,1,cat,1,file_reader,1,1,0,0,0,0,0,0
chatcmpl-tool-89386956b8c7d55d,chatcmpl-tool-89386956b8c7d55d,runs/vllm-smoke,mini-swe-agent-forest,mini-swe-agent-forest,unknown,detect,2026-05-04-ghcr,global-judge,agent_bash_tool,1,1,0,1,code_or_file_inspection,1,cat,1,file_reader,1,1,0,0,0,0,0,0
chatcmpl-tool-89601e7883f6fa10,chatcmpl-tool-89601e7883f6fa10,runs/phase6,mini-swe-agent-forest,mini-swe-agent-forest,unknown,detect,2024-01-canto,cross-contract/judge,agent_bash_tool,1,1,0,1,code_or_file_inspection,1,ls,1,filesystem_inventory,1,1,0,0,0,0,0,0
chatcmpl-tool-8a13caac0d713091,chatcmpl-tool-8a13caac0d713091,runs/phase6,mini-swe-agent-forest,mini-swe-agent-forest,unknown,detect,2024-01-canto,access-control/branch-01,agent_bash_tool,1,1,0,1,code_or_file_inspection,1,cat,1,file_reader,1,1,0,0,0,0,0,0
chatcmpl-tool-8a4b82e913cb430a,chatcmpl-tool-8a4b82e913cb430a,runs/phase6,mini-swe-agent-forest,mini-swe-agent-forest,unknown,detect,2024-01-canto,cross-contract/branch-01,agent_bash_tool,1,1,0,1,code_or_file_inspection,1,cat,1,file_reader,1,1,0,0,0,0,1,0
chatcmpl-tool-8a50b74fa90016d9,chatcmpl-tool-8a50b74fa90016d9,runs/phase6,mini-swe-agent-forest,mini-swe-agent-forest,unknown,detect,2024-01-canto,cross-contract/branch-01,agent_bash_tool,1,1,0,1,code_or_file_inspection,1,echo,1,file_reader,1,1,0,0,1,0,0,0
chatcmpl-tool-8a971c2994b4e75c,chatcmpl-tool-8a971c2994b4e75c,runs/phase6,mini-swe-agent-forest,mini-swe-agent-forest,unknown,detect,2024-01-canto,access-control/branch-01,agent_bash_tool,1,1,0,1,code_or_file_inspection,1,cat,1,file_reader,1,1,0,0,0,0,0,0
chatcmpl-tool-8b2ea3a1785c8b12,chatcmpl-tool-8b2ea3a1785c8b12,runs/phase6,mini-swe-agent-forest,mini-swe-agent-forest,unknown,detect,2024-01-canto,cross-contract/judge,agent_bash_tool,1,1,0,1,code_or_file_inspection,1,cat,1,file_reader,1,1,0,0,0,0,0,0
chatcmpl-tool-8b80a0b5c56658d3,chatcmpl-tool-8b80a0b5c56658d3,runs/phase6,mini-swe-agent-forest,mini-swe-agent-forest,unknown,detect,2024-01-canto,global-judge,agent_bash_tool,1,1,0,1,file_or_repo_mutation,1,mkdir,1,other_cli,1,0,0,1,0,1,0,0
chatcmpl-tool-8b987b4297b336db,chatcmpl-tool-8b987b4297b336db,runs/phase6,mini-swe-agent-forest,mini-swe-agent-forest,unknown,detect,2024-01-canto,cross-contract/branch-01,agent_bash_tool,1,1,0,1,code_or_file_inspection,1,cat,1,file_reader,1,1,0,0,0,0,0,0
chatcmpl-tool-8bb0a5ebd992d7f0,chatcmpl-tool-8bb0a5ebd992d7f0,runs/phase6,mini-swe-agent-forest,mini-swe-agent-forest,unknown,detect,2024-01-canto,accounting/judge,agent_bash_tool,1,1,0,1,code_or_file_inspection,1,ls,1,filesystem_inventory,1,1,0,0,0,0,0,0
chatcmpl-tool-8bb791750202184f,chatcmpl-tool-8bb791750202184f,runs/phase6,mini-swe-agent-forest,mini-swe-agent-forest,unknown,detect,2024-01-canto,cross-contract/judge,agent_bash_tool,1,1,0,1,code_or_file_inspection,1,ls,1,filesystem_inventory,1,1,0,0,0,0,0,0
chatcmpl-tool-8bbdf0107ad47f9a,chatcmpl-tool-8bbdf0107ad47f9a,runs/phase6,mini-swe-agent-forest,mini-swe-agent-forest,unknown,detect,2024-01-canto,token-flow/judge,agent_bash_tool,1,1,0,1,code_or_file_inspection,1,cat,1,file_reader,1,1,0,0,1,0,0,0
chatcmpl-tool-8bf3680ec8f5e2a7,chatcmpl-tool-8bf3680ec8f5e2a7,runs/phase6,mini-swe-agent-forest,mini-swe-agent-forest,unknown,detect,2024-01-canto,token-flow/branch-01,agent_bash_tool,1,1,0,1,code_or_file_inspection,1,cat,1,file_reader,1,1,0,0,0,0,0,0
chatcmpl-tool-8c2f0dac3c9a4b4c,chatcmpl-tool-8c2f0dac3c9a4b4c,runs/phase6,mini-swe-agent-forest,mini-swe-agent-forest,unknown,detect,2024-01-canto,token-flow/branch-01,agent_bash_tool,1,1,0,1,code_or_file_inspection,1,cat,1,file_reader,1,1,0,0,0,0,0,0
chatcmpl-tool-8c3678710d3bdf6a,chatcmpl-tool-8c3678710d3bdf6a,runs/phase6,mini-swe-agent-forest,mini-swe-agent-forest,unknown,detect,2024-01-canto,access-control/judge,agent_bash_tool,1,1,0,1,code_or_file_inspection,1,ls,1,filesystem_inventory,1,1,0,0,0,0,0,0
chatcmpl-tool-8cacd124bad41d5b,chatcmpl-tool-8cacd124bad41d5b,runs/phase6,mini-swe-agent-forest,mini-swe-agent-forest,unknown,detect,2024-01-canto,global-judge,agent_bash_tool,1,1,0,1,file_or_repo_mutation,1,mkdir,1,other_cli,1,0,0,1,1,1,0,0
chatcmpl-tool-8d1dda262c2a4e04,chatcmpl-tool-8d1dda262c2a4e04,runs/phase6,mini-swe-agent-forest,mini-swe-agent-forest,unknown,detect,2024-01-canto,accounting/branch-01,agent_bash_tool,1,1,0,1,code_or_file_inspection,1,cat,1,file_reader,1,1,0,0,0,0,0,0
chatcmpl-tool-8d95dd8f1cf3138a,chatcmpl-tool-8d95dd8f1cf3138a,runs/phase6,mini-swe-agent-forest,mini-swe-agent-forest,unknown,detect,2024-01-canto,global-judge,agent_bash_tool,1,1,0,1,code_or_file_inspection,1,cat,1,file_reader,1,1,0,0,0,0,0,0
chatcmpl-tool-8dbb7303195d8314,chatcmpl-tool-8dbb7303195d8314,runs/phase6,mini-swe-agent-forest,mini-swe-agent-forest,unknown,detect,2024-01-canto,token-flow/branch-01,agent_bash_tool,1,1,0,1,code_or_file_inspection,1,cat,1,file_reader,1,1,0,0,0,0,0,0
chatcmpl-tool-8e36f2c4266a53b6,chatcmpl-tool-8e36f2c4266a53b6,runs/phase6,mini-swe-agent-forest,mini-swe-agent-forest,unknown,unknown,2024-01-canto,scout,agent_bash_tool,1,1,0,1,code_or_file_inspection,1,cat,1,file_reader,1,1,0,0,0,0,0,0
chatcmpl-tool-8f082feaff9ca2ab,chatcmpl-tool-8f082feaff9ca2ab,runs/phase6,mini-swe-agent-forest,mini-swe-agent-forest,unknown,detect,2024-01-canto,access-control/judge,agent_bash_tool,1,1,0,1,code_or_file_inspection,1,cat,1,file_reader,1,1,0,0,0,0,0,0
chatcmpl-tool-8f64db3bf537540c,chatcmpl-tool-8f64db3bf537540c,runs/phase6,mini-swe-agent-forest,mini-swe-agent-forest,unknown,detect,2024-01-canto,accounting/branch-01,agent_bash_tool,1,1,0,1,file_or_repo_mutation,1,mkdir,1,other_cli,1,0,0,1,0,1,0,0
chatcmpl-tool-8f6c0ad893092dcd,chatcmpl-tool-8f6c0ad893092dcd,runs/phase6,mini-swe-agent-forest,mini-swe-agent-forest,unknown,detect,2024-01-canto,accounting/branch-01,agent_bash_tool,1,1,0,1,code_or_file_inspection,1,cat,1,file_reader,1,1,0,0,0,0,0,0
chatcmpl-tool-8f80d0d183bb6b1c,chatcmpl-tool-8f80d0d183bb6b1c,runs/phase6,mini-swe-agent-forest,mini-swe-agent-forest,unknown,detect,2024-01-canto,cross-contract/branch-01,agent_bash_tool,1,1,0,1,code_or_file_inspection,1,cat,1,file_reader,1,1,0,0,0,0,0,0
chatcmpl-tool-90b1260a1dfc54ab,chatcmpl-tool-90b1260a1dfc54ab,runs/phase6,mini-swe-agent-forest,mini-swe-agent-forest,unknown,detect,2024-01-canto,accounting/branch-01,agent_bash_tool,1,1,0,1,code_search,1,cat,1,search,1,1,0,0,1,0,0,0
chatcmpl-tool-90c5e34472a6af43,chatcmpl-tool-90c5e34472a6af43,runs/phase6,mini-swe-agent-forest,mini-swe-agent-forest,unknown,detect,2024-01-canto,cross-contract/branch-01,agent_bash_tool,1,1,0,1,code_or_file_inspection,1,cat,1,file_reader,1,1,0,0,1,0,0,0
chatcmpl-tool-90dbd79e3ca85216,chatcmpl-tool-90dbd79e3ca85216,runs/phase6,mini-swe-agent-forest,mini-swe-agent-forest,unknown,unknown,2024-01-canto,scout,agent_bash_tool,1,1,0,1,code_or_file_inspection,1,cat,1,file_reader,1,1,0,0,0,0,0,0
chatcmpl-tool-9122aaa79e0ced10,chatcmpl-tool-9122aaa79e0ced10,runs/phase6,mini-swe-agent-forest,mini-swe-agent-forest,unknown,detect,2024-01-canto,access-control/judge,agent_bash_tool,1,1,0,1,code_search,1,grep,1,search,1,1,0,0,0,0,0,0
chatcmpl-tool-913d54f1c2b3a1e8,chatcmpl-tool-913d54f1c2b3a1e8,runs/phase6,mini-swe-agent-forest,mini-swe-agent-forest,unknown,detect,2024-01-canto,access-control/branch-01,agent_bash_tool,1,1,0,1,code_or_file_inspection,1,ls,1,filesystem_inventory,1,1,0,0,0,0,0,0
chatcmpl-tool-9144ca126174ea6d,chatcmpl-tool-9144ca126174ea6d,runs/phase6,mini-swe-agent-forest,mini-swe-agent-forest,unknown,detect,2024-01-canto,global-judge,agent_bash_tool,1,1,0,1,code_or_file_inspection,1,cat,1,file_reader,1,1,0,0,0,0,0,0
chatcmpl-tool-915d97afd27112f8,chatcmpl-tool-915d97afd27112f8,runs/phase6,mini-swe-agent-forest,mini-swe-agent-forest,unknown,detect,2024-01-canto,token-flow/branch-01,agent_bash_tool,1,1,0,1,code_or_file_inspection,1,cat,1,file_reader,1,1,0,0,0,0,0,0
chatcmpl-tool-917e97be3440c95b,chatcmpl-tool-917e97be3440c95b,runs/phase6,mini-swe-agent-forest,mini-swe-agent-forest,unknown,detect,2024-01-canto,accounting/branch-01,agent_bash_tool,1,1,0,1,code_or_file_inspection,1,cat,1,file_reader,1,1,0,0,0,0,0,0
chatcmpl-tool-91a9345ce4ce4124,chatcmpl-tool-91a9345ce4ce4124,runs/vllm-smoke,mini-swe-agent-forest,mini-swe-agent-forest,unknown,detect,2026-05-04-ghcr,token-flow/judge,agent_bash_tool,1,1,0,1,code_or_file_inspection,1,cat,1,file_reader,1,1,0,0,0,0,0,0
chatcmpl-tool-91c5812ccf9e5aae,chatcmpl-tool-91c5812ccf9e5aae,runs/phase6,mini-swe-agent-forest,mini-swe-agent-forest,unknown,detect,2024-01-canto,accounting/judge,agent_bash_tool,1,1,0,1,code_or_file_inspection,1,cat,1,file_reader,1,1,0,0,0,0,0,0
chatcmpl-tool-921b910d8ff42a0f,chatcmpl-tool-921b910d8ff42a0f,runs/phase6,mini-swe-agent-forest,mini-swe-agent-forest,unknown,detect,2024-01-canto,cross-contract/branch-01,agent_bash_tool,1,1,0,1,code_or_file_inspection,1,ls,1,filesystem_inventory,1,1,0,0,0,0,0,0
chatcmpl-tool-9269791ab0567b25,chatcmpl-tool-9269791ab0567b25,runs/phase6,mini-swe-agent-forest,mini-swe-agent-forest,unknown,detect,2024-01-canto,cross-contract/judge,agent_bash_tool,1,1,0,1,code_or_file_inspection,1,cat,1,file_reader,1,1,0,0,0,0,0,0
chatcmpl-tool-931f91ccc2a2ccce,chatcmpl-tool-931f91ccc2a2ccce,runs/phase6,mini-swe-agent-forest,mini-swe-agent-forest,unknown,detect,2024-01-canto,token-flow/judge,agent_bash_tool,1,1,0,1,code_or_file_inspection,1,cat,1,file_reader,1,1,0,0,0,0,0,0
chatcmpl-tool-932ba959b5ce0954,chatcmpl-tool-932ba959b5ce0954,runs/phase6,mini-swe-agent-forest,mini-swe-agent-forest,unknown,detect,2024-01-canto,cross-contract/judge,agent_bash_tool,1,1,0,1,code_or_file_inspection,1,cat,1,file_reader,1,1,0,0,0,0,0,0
chatcmpl-tool-9374a0a35523bfb4,chatcmpl-tool-9374a0a35523bfb4,runs/phase6,mini-swe-agent-forest,mini-swe-agent-forest,unknown,detect,2024-01-canto,access-control/judge,agent_bash_tool,1,1,0,1,code_or_file_inspection,1,cat,1,file_reader,1,1,0,0,0,0,0,0
chatcmpl-tool-93fedba579b3e78a,chatcmpl-tool-93fedba579b3e78a,runs/phase6,mini-swe-agent-forest,mini-swe-agent-forest,unknown,detect,2024-01-canto,global-judge,agent_bash_tool,1,1,0,1,code_or_file_inspection,1,cat,1,file_reader,1,1,0,0,0,0,0,0
chatcmpl-tool-943d723040ac1a67,chatcmpl-tool-943d723040ac1a67,runs/phase6,mini-swe-agent-forest,mini-swe-agent-forest,unknown,detect,2024-01-canto,access-control/branch-01,agent_bash_tool,1,1,0,1,code_or_file_inspection,1,cat,1,file_reader,1,1,0,0,0,0,0,0
chatcmpl-tool-95025817cb6a9175,chatcmpl-tool-95025817cb6a9175,runs/phase6,mini-swe-agent-forest,mini-swe-agent-forest,unknown,detect,2024-01-canto,cross-contract/branch-01,agent_bash_tool,1,1,0,1,code_or_file_inspection,1,ls,1,filesystem_inventory,1,1,0,0,0,0,0,0
chatcmpl-tool-951170ac56050a2d,chatcmpl-tool-951170ac56050a2d,runs/vllm-smoke,mini-swe-agent-forest,mini-swe-agent-forest,unknown,unknown,2026-05-04-ghcr,scout,agent_bash_tool,1,1,0,1,code_or_file_inspection,1,ls,1,filesystem_inventory,1,1,0,0,0,0,0,0
chatcmpl-tool-951ca8c24c169c32,chatcmpl-tool-951ca8c24c169c32,runs/phase6,mini-swe-agent-forest,mini-swe-agent-forest,unknown,detect,2024-01-canto,token-flow/branch-01,agent_bash_tool,1,1,0,1,code_or_file_inspection,1,ls,1,filesystem_inventory,1,1,0,0,0,0,0,0
chatcmpl-tool-9586c9f14adf81d0,chatcmpl-tool-9586c9f14adf81d0,runs/phase6,mini-swe-agent-forest,mini-swe-agent-forest,unknown,detect,2024-01-canto,accounting/judge,agent_bash_tool,1,1,0,1,code_or_file_inspection,1,cat,1,file_reader,1,1,0,0,0,0,0,0
chatcmpl-tool-959c67a2fd0579b7,chatcmpl-tool-959c67a2fd0579b7,runs/phase6,mini-swe-agent-forest,mini-swe-agent-forest,unknown,detect,2024-01-canto,global-judge,agent_bash_tool,1,1,0,1,file_or_repo_mutation,1,cat,1,file_reader,1,0,0,1,0,1,0,0
chatcmpl-tool-95c9ff66909389a2,chatcmpl-tool-95c9ff66909389a2,runs/phase6,mini-swe-agent-forest,mini-swe-agent-forest,unknown,detect,2024-01-canto,access-control/judge,agent_bash_tool,1,1,0,1,code_or_file_inspection,1,ls,1,filesystem_inventory,1,1,0,0,0,0,0,0
chatcmpl-tool-95dadd9caefa472b,chatcmpl-tool-95dadd9caefa472b,runs/phase6,mini-swe-agent-forest,mini-swe-agent-forest,unknown,unknown,2024-01-canto,scout,agent_bash_tool,1,1,0,1,code_or_file_inspection,1,cat,1,file_reader,1,1,0,0,0,0,0,0
chatcmpl-tool-960a3e6fa7725ef9,chatcmpl-tool-960a3e6fa7725ef9,runs/vllm-smoke,mini-swe-agent-forest,mini-swe-agent-forest,unknown,detect,2026-05-04-ghcr,token-flow/branch-01,agent_bash_tool,1,1,0,1,code_or_file_inspection,1,find,1,file_reader,1,1,0,0,1,0,0,0
chatcmpl-tool-9618e92a6f491e93,chatcmpl-tool-9618e92a6f491e93,runs/phase6,mini-swe-agent-forest,mini-swe-agent-forest,unknown,detect,2024-01-canto,accounting/branch-01,agent_bash_tool,1,1,0,1,file_or_repo_mutation,1,cat,1,file_reader,1,0,0,1,1,1,0,0
chatcmpl-tool-961ad3e222ff3f66,chatcmpl-tool-961ad3e222ff3f66,runs/phase6,mini-swe-agent-forest,mini-swe-agent-forest,unknown,detect,2024-01-canto,accounting/branch-01,agent_bash_tool,1,1,0,1,code_search,1,cat,1,search,1,1,0,0,1,0,0,0
chatcmpl-tool-962419e055f59f91,chatcmpl-tool-962419e055f59f91,runs/phase6,mini-swe-agent-forest,mini-swe-agent-forest,unknown,unknown,2024-01-canto,scout,agent_bash_tool,1,1,0,1,code_or_file_inspection,1,cat,1,file_reader,1,1,0,0,0,0,0,0
chatcmpl-tool-9670b9aa72ceaac7,chatcmpl-tool-9670b9aa72ceaac7,runs/phase6,mini-swe-agent-forest,mini-swe-agent-forest,unknown,detect,2024-01-canto,token-flow/judge,agent_bash_tool,1,1,0,1,code_or_file_inspection,1,ls,1,filesystem_inventory,1,1,0,0,0,0,0,0
chatcmpl-tool-9685da82a10e9b2b,chatcmpl-tool-9685da82a10e9b2b,runs/phase6,mini-swe-agent-forest,mini-swe-agent-forest,unknown,detect,2024-01-canto,accounting/judge,agent_bash_tool,1,1,0,1,code_or_file_inspection,1,ls,1,filesystem_inventory,1,1,0,0,0,0,0,0
chatcmpl-tool-9698634db65c398f,chatcmpl-tool-9698634db65c398f,runs/phase6,mini-swe-agent-forest,mini-swe-agent-forest,unknown,detect,2024-01-canto,token-flow/branch-01,agent_bash_tool,1,1,0,1,code_or_file_inspection,1,find,1,filesystem_inventory,1,1,0,0,1,0,0,0
chatcmpl-tool-96d25bbe1c7ee78a,chatcmpl-tool-96d25bbe1c7ee78a,runs/vllm-smoke,mini-swe-agent-forest,mini-swe-agent-forest,unknown,detect,2026-05-04-ghcr,token-flow/judge,agent_bash_tool,1,1,0,1,code_or_file_inspection,1,cat,1,file_reader,1,1,0,0,0,0,0,0
chatcmpl-tool-96ecc9e730f3d685,chatcmpl-tool-96ecc9e730f3d685,runs/phase6,mini-swe-agent-forest,mini-swe-agent-forest,unknown,detect,2024-01-canto,access-control/judge,agent_bash_tool,1,1,0,1,code_or_file_inspection,1,sed,1,file_reader,1,1,0,0,0,0,0,0
chatcmpl-tool-97550dee0e3c175f,chatcmpl-tool-97550dee0e3c175f,runs/phase6,mini-swe-agent-forest,mini-swe-agent-forest,unknown,unknown,2024-01-canto,scout,agent_bash_tool,1,1,0,1,code_or_file_inspection,1,cat,1,file_reader,1,1,0,0,0,0,0,0
chatcmpl-tool-9773deaf6c5de1fb,chatcmpl-tool-9773deaf6c5de1fb,runs/vllm-smoke,mini-swe-agent-forest,mini-swe-agent-forest,unknown,detect,2026-05-04-ghcr,global-judge,agent_bash_tool,1,1,0,1,code_or_file_inspection,1,ls,1,filesystem_inventory,1,1,0,0,0,0,0,0
chatcmpl-tool-97fa8e119a87ce50,chatcmpl-tool-97fa8e119a87ce50,runs/vllm-smoke,mini-swe-agent-forest,mini-swe-agent-forest,unknown,detect,2026-05-04-ghcr,token-flow/branch-01,agent_bash_tool,1,1,0,1,code_or_file_inspection,1,find,1,filesystem_inventory,1,1,0,0,1,0,0,0
chatcmpl-tool-98260922aae44124,chatcmpl-tool-98260922aae44124,runs/vllm-smoke,mini-swe-agent-forest,mini-swe-agent-forest,unknown,detect,2026-05-04-ghcr,token-flow/judge,agent_bash_tool,1,1,0,1,code_or_file_inspection,1,cat,1,file_reader,1,1,0,0,0,0,0,0
chatcmpl-tool-9875d32312c7bda6,chatcmpl-tool-9875d32312c7bda6,runs/phase6,mini-swe-agent-forest,mini-swe-agent-forest,unknown,detect,2024-01-canto,token-flow/branch-01,agent_bash_tool,1,1,0,1,code_or_file_inspection,1,cat,1,file_reader,1,1,0,0,0,0,0,0
chatcmpl-tool-98bec8bfd2fa1129,chatcmpl-tool-98bec8bfd2fa1129,runs/vllm-smoke,mini-swe-agent-forest,mini-swe-agent-forest,unknown,detect,2026-05-04-ghcr,token-flow/judge,agent_bash_tool,1,1,0,1,code_or_file_inspection,1,cat,1,file_reader,1,1,0,0,0,0,0,0
chatcmpl-tool-98c90f34093b366d,chatcmpl-tool-98c90f34093b366d,runs/vllm-smoke,mini-swe-agent-forest,mini-swe-agent-forest,unknown,detect,2026-05-04-ghcr,token-flow/branch-01,agent_bash_tool,1,1,0,1,code_or_file_inspection,1,cat,1,file_reader,1,1,0,0,0,0,0,0
chatcmpl-tool-9909465423973e30,chatcmpl-tool-9909465423973e30,runs/phase6,mini-swe-agent-forest,mini-swe-agent-forest,unknown,detect,2024-01-canto,accounting/branch-01,agent_bash_tool,1,1,0,1,code_or_file_inspection,1,cat,1,file_reader,1,1,0,0,0,0,0,0
chatcmpl-tool-9936d9dcc61186e8,chatcmpl-tool-9936d9dcc61186e8,runs/phase6,mini-swe-agent-forest,mini-swe-agent-forest,unknown,detect,2024-01-canto,global-judge,agent_bash_tool,1,1,0,1,code_or_file_inspection,1,find,1,file_reader,1,1,0,0,1,0,0,0
chatcmpl-tool-994e4077c193310d,chatcmpl-tool-994e4077c193310d,runs/phase6,mini-swe-agent-forest,mini-swe-agent-forest,unknown,detect,2024-01-canto,access-control/judge,agent_bash_tool,1,1,0,1,code_or_file_inspection,1,cat,1,file_reader,1,1,0,0,0,0,0,0
chatcmpl-tool-997b7498f23d8176,chatcmpl-tool-997b7498f23d8176,runs/phase6,mini-swe-agent-forest,mini-swe-agent-forest,unknown,detect,2024-01-canto,accounting/judge,agent_bash_tool,1,1,0,1,code_or_file_inspection,1,cat,1,file_reader,1,1,0,0,0,0,0,0
chatcmpl-tool-9a6db0868786adc9,chatcmpl-tool-9a6db0868786adc9,runs/phase6,mini-swe-agent-forest,mini-swe-agent-forest,unknown,detect,2024-01-canto,access-control/branch-01,agent_bash_tool,1,1,0,1,code_or_file_inspection,1,cat,1,file_reader,1,1,0,0,0,0,0,0
chatcmpl-tool-9ad5b73e5f34217a,chatcmpl-tool-9ad5b73e5f34217a,runs/phase6,mini-swe-agent-forest,mini-swe-agent-forest,unknown,unknown,2024-01-canto,scout,agent_bash_tool,1,1,0,1,code_or_file_inspection,1,ls,1,filesystem_inventory,1,1,0,0,0,0,0,0
chatcmpl-tool-9b06aa10396fde11,chatcmpl-tool-9b06aa10396fde11,runs/phase6,mini-swe-agent-forest,mini-swe-agent-forest,unknown,detect,2024-01-canto,global-judge,agent_bash_tool,1,1,0,1,code_or_file_inspection,1,cat,1,file_reader,1,1,0,0,0,0,0,0
chatcmpl-tool-9b510ea59200189a,chatcmpl-tool-9b510ea59200189a,runs/phase6,mini-swe-agent-forest,mini-swe-agent-forest,unknown,detect,2024-01-canto,global-judge,agent_bash_tool,1,1,0,1,code_or_file_inspection,1,ls,1,filesystem_inventory,1,1,0,0,0,0,0,0
chatcmpl-tool-9b80367cb778f56e,chatcmpl-tool-9b80367cb778f56e,runs/vllm-smoke,mini-swe-agent-forest,mini-swe-agent-forest,unknown,detect,2026-05-04-ghcr,token-flow/judge,agent_bash_tool,1,1,0,1,code_or_file_inspection,1,cat,1,file_reader,1,1,0,0,0,0,0,0
chatcmpl-tool-9bb6756cebc0de35,chatcmpl-tool-9bb6756cebc0de35,runs/phase6,mini-swe-agent-forest,mini-swe-agent-forest,unknown,unknown,2024-01-canto,scout,agent_bash_tool,1,1,0,1,code_or_file_inspection,1,cat,1,file_reader,1,1,0,0,0,0,0,0
chatcmpl-tool-9c7a5607d620cc08,chatcmpl-tool-9c7a5607d620cc08,runs/vllm-smoke,mini-swe-agent-forest,mini-swe-agent-forest,unknown,detect,2026-05-04-ghcr,token-flow/branch-01,agent_bash_tool,1,1,0,1,code_or_file_inspection,1,cat,1,file_reader,1,1,0,0,0,0,0,0
chatcmpl-tool-9c915000d482af7a,chatcmpl-tool-9c915000d482af7a,runs/vllm-smoke,mini-swe-agent-forest,mini-swe-agent-forest,unknown,detect,2026-05-04-ghcr,token-flow/branch-01,agent_bash_tool,1,1,0,1,code_or_file_inspection,1,cat,1,file_reader,1,1,0,0,0,0,0,0
chatcmpl-tool-9ca027111c350d26,chatcmpl-tool-9ca027111c350d26,runs/phase6,mini-swe-agent-forest,mini-swe-agent-forest,unknown,detect,2024-01-canto,cross-contract/branch-01,agent_bash_tool,1,1,0,1,code_or_file_inspection,1,cat,1,file_reader,1,1,0,0,0,0,0,0
chatcmpl-tool-9d77dce5b4aad3d6,chatcmpl-tool-9d77dce5b4aad3d6,runs/phase6,mini-swe-agent-forest,mini-swe-agent-forest,unknown,detect,2024-01-canto,accounting/branch-01,agent_bash_tool,1,1,0,1,code_or_file_inspection,1,cat,1,file_reader,1,1,0,0,0,0,0,0
chatcmpl-tool-9df0a828e00af42b,chatcmpl-tool-9df0a828e00af42b,runs/phase6,mini-swe-agent-forest,mini-swe-agent-forest,unknown,detect,2024-01-canto,global-judge,agent_bash_tool,1,1,0,1,file_or_repo_mutation,1,cat,1,file_reader,1,0,0,1,1,1,0,0
chatcmpl-tool-9df8db120a584114,chatcmpl-tool-9df8db120a584114,runs/phase6,mini-swe-agent-forest,mini-swe-agent-forest,unknown,detect,2024-01-canto,accounting/judge,agent_bash_tool,1,1,0,1,code_or_file_inspection,1,cat,1,file_reader,1,1,0,0,0,0,0,0
chatcmpl-tool-9e27e001b5232e9a,chatcmpl-tool-9e27e001b5232e9a,runs/vllm-smoke,mini-swe-agent-forest,mini-swe-agent-forest,unknown,detect,2026-05-04-ghcr,global-judge,agent_bash_tool,1,1,0,1,code_or_file_inspection,1,cat,1,file_reader,1,1,0,0,0,0,0,0
chatcmpl-tool-9e30c24f9397dd7c,chatcmpl-tool-9e30c24f9397dd7c,runs/vllm-smoke,mini-swe-agent-forest,mini-swe-agent-forest,unknown,detect,2026-05-04-ghcr,global-judge,agent_bash_tool,1,1,0,1,code_or_file_inspection,1,cat,1,file_reader,1,1,0,0,0,0,0,0
chatcmpl-tool-9e374777585b5f1c,chatcmpl-tool-9e374777585b5f1c,runs/vllm-smoke,mini-swe-agent-forest,mini-swe-agent-forest,unknown,unknown,2026-05-04-ghcr,scout,agent_bash_tool,1,1,0,1,code_or_file_inspection,1,cat,1,file_reader,1,1,0,0,0,0,0,0
chatcmpl-tool-9e51fc14737e3c51,chatcmpl-tool-9e51fc14737e3c51,runs/phase6,mini-swe-agent-forest,mini-swe-agent-forest,unknown,detect,2024-01-canto,cross-contract/branch-01,agent_bash_tool,1,1,0,1,code_or_file_inspection,1,cat,1,file_reader,1,1,0,0,0,0,0,0
chatcmpl-tool-9e908d89a57d9238,chatcmpl-tool-9e908d89a57d9238,runs/vllm-smoke,mini-swe-agent-forest,mini-swe-agent-forest,unknown,detect,2026-05-04-ghcr,global-judge,agent_bash_tool,1,1,0,1,code_or_file_inspection,1,cat,1,file_reader,1,1,0,0,0,0,0,0
chatcmpl-tool-9ee5dd4a889f6516,chatcmpl-tool-9ee5dd4a889f6516,runs/phase6,mini-swe-agent-forest,mini-swe-agent-forest,unknown,detect,2024-01-canto,access-control/branch-01,agent_bash_tool,1,1,0,1,code_or_file_inspection,1,cat,1,file_reader,1,1,0,0,0,0,0,0
chatcmpl-tool-9f6dd81a1ea5b9bb,chatcmpl-tool-9f6dd81a1ea5b9bb,runs/phase6,mini-swe-agent-forest,mini-swe-agent-forest,unknown,detect,2024-01-canto,cross-contract/judge,agent_bash_tool,1,1,0,1,code_or_file_inspection,1,ls,1,filesystem_inventory,1,1,0,0,0,0,0,0
chatcmpl-tool-a0018d88d931bda5,chatcmpl-tool-a0018d88d931bda5,runs/phase6,mini-swe-agent-forest,mini-swe-agent-forest,unknown,detect,2024-01-canto,accounting/judge,agent_bash_tool,1,1,0,1,code_or_file_inspection,1,ls,1,filesystem_inventory,1,1,0,0,0,0,0,0
chatcmpl-tool-a086849e4a8b12d7,chatcmpl-tool-a086849e4a8b12d7,runs/phase6,mini-swe-agent-forest,mini-swe-agent-forest,unknown,detect,2024-01-canto,accounting/branch-01,agent_bash_tool,1,1,0,1,code_or_file_inspection,1,cat,1,file_reader,1,1,0,0,0,0,0,0
chatcmpl-tool-a0c70566c5612aa6,chatcmpl-tool-a0c70566c5612aa6,runs/phase6,mini-swe-agent-forest,mini-swe-agent-forest,unknown,detect,2024-01-canto,access-control/branch-01,agent_bash_tool,1,1,0,1,code_or_file_inspection,1,cat,1,file_reader,1,1,0,0,0,0,0,0
chatcmpl-tool-a0d0f7ef7f7abaa8,chatcmpl-tool-a0d0f7ef7f7abaa8,runs/phase6,mini-swe-agent-forest,mini-swe-agent-forest,unknown,detect,2024-01-canto,access-control/branch-01,agent_bash_tool,1,1,0,1,code_or_file_inspection,1,cat,1,file_reader,1,1,0,0,0,0,0,0
chatcmpl-tool-a1a7c69ed9d843b6,chatcmpl-tool-a1a7c69ed9d843b6,runs/phase6,mini-swe-agent-forest,mini-swe-agent-forest,unknown,detect,2024-01-canto,accounting/branch-01,agent_bash_tool,1,1,0,1,code_or_file_inspection,1,ls,1,filesystem_inventory,1,1,0,0,0,0,0,0
chatcmpl-tool-a296eea754bf272c,chatcmpl-tool-a296eea754bf272c,runs/phase6,mini-swe-agent-forest,mini-swe-agent-forest,unknown,detect,2024-01-canto,accounting/branch-01,agent_bash_tool,1,1,0,1,code_or_file_inspection,1,cat,1,file_reader,1,1,0,0,0,0,0,0
chatcmpl-tool-a31b0f22d041fff8,chatcmpl-tool-a31b0f22d041fff8,runs/phase6,mini-swe-agent-forest,mini-swe-agent-forest,unknown,unknown,2024-01-canto,scout,agent_bash_tool,1,1,0,1,code_or_file_inspection,1,ls,1,filesystem_inventory,1,1,0,0,0,0,0,0
chatcmpl-tool-a39f9028854ef2e7,chatcmpl-tool-a39f9028854ef2e7,runs/phase6,mini-swe-agent-forest,mini-swe-agent-forest,unknown,detect,2024-01-canto,global-judge,agent_bash_tool,1,1,0,1,file_or_repo_mutation,1,cat,1,file_reader,1,0,0,1,1,1,0,0
chatcmpl-tool-a3b1766c6e7bf726,chatcmpl-tool-a3b1766c6e7bf726,runs/phase6,mini-swe-agent-forest,mini-swe-agent-forest,unknown,detect,2024-01-canto,accounting/judge,agent_bash_tool,1,1,0,1,code_or_file_inspection,1,cat,1,file_reader,1,1,0,0,0,0,0,0
chatcmpl-tool-a3c064fd6421009a,chatcmpl-tool-a3c064fd6421009a,runs/phase6,mini-swe-agent-forest,mini-swe-agent-forest,unknown,detect,2024-01-canto,token-flow/judge,agent_bash_tool,1,1,0,1,code_or_file_inspection,1,cat,1,file_reader,1,1,0,0,0,0,0,0
chatcmpl-tool-a4222d67042463d9,chatcmpl-tool-a4222d67042463d9,runs/vllm-smoke,mini-swe-agent-forest,mini-swe-agent-forest,unknown,detect,2026-05-04-ghcr,global-judge,agent_bash_tool,1,1,0,1,code_or_file_inspection,1,cat,1,file_reader,1,1,0,0,0,0,0,0
chatcmpl-tool-a44dc5ed52598d19,chatcmpl-tool-a44dc5ed52598d19,runs/phase6,mini-swe-agent-forest,mini-swe-agent-forest,unknown,detect,2024-01-canto,token-flow/judge,agent_bash_tool,1,1,0,1,code_or_file_inspection,1,cat,1,file_reader,1,1,0,0,0,0,0,0
chatcmpl-tool-a46678983b7c70d7,chatcmpl-tool-a46678983b7c70d7,runs/phase6,mini-swe-agent-forest,mini-swe-agent-forest,unknown,detect,2024-01-canto,cross-contract/judge,agent_bash_tool,1,1,0,1,code_or_file_inspection,1,ls,1,filesystem_inventory,1,1,0,0,0,0,0,0
chatcmpl-tool-a48921c62282d4d2,chatcmpl-tool-a48921c62282d4d2,runs/phase6,mini-swe-agent-forest,mini-swe-agent-forest,unknown,detect,2024-01-canto,access-control/judge,agent_bash_tool,1,1,0,1,code_or_file_inspection,1,ls,1,filesystem_inventory,1,1,0,0,0,0,0,0
chatcmpl-tool-a4d4b861a51b78a5,chatcmpl-tool-a4d4b861a51b78a5,runs/phase6,mini-swe-agent-forest,mini-swe-agent-forest,unknown,detect,2024-01-canto,token-flow/judge,agent_bash_tool,1,1,0,1,code_or_file_inspection,1,cat,1,file_reader,1,1,0,0,0,0,0,0
chatcmpl-tool-a4f9249e1752349c,chatcmpl-tool-a4f9249e1752349c,runs/phase6,mini-swe-agent-forest,mini-swe-agent-forest,unknown,detect,2024-01-canto,token-flow/branch-01,agent_bash_tool,1,1,0,1,version_control,1,ls,1,version_control,1,0,0,0,1,0,0,0
chatcmpl-tool-a53f839949419a13,chatcmpl-tool-a53f839949419a13,runs/vllm-smoke,mini-swe-agent-forest,mini-swe-agent-forest,unknown,detect,2026-05-04-ghcr,token-flow/judge,agent_bash_tool,1,1,0,1,code_or_file_inspection,1,ls,1,filesystem_inventory,1,1,0,0,0,0,0,0
chatcmpl-tool-a5463c050d31926c,chatcmpl-tool-a5463c050d31926c,runs/phase6,mini-swe-agent-forest,mini-swe-agent-forest,unknown,detect,2024-01-canto,accounting/branch-01,agent_bash_tool,1,1,0,1,code_or_file_inspection,1,cat,1,file_reader,1,1,0,0,0,0,0,0
chatcmpl-tool-a577f9a3eab19122,chatcmpl-tool-a577f9a3eab19122,runs/phase6,mini-swe-agent-forest,mini-swe-agent-forest,unknown,detect,2024-01-canto,cross-contract/judge,agent_bash_tool,1,1,0,1,code_or_file_inspection,1,cat,1,file_reader,1,1,0,0,0,0,0,0
chatcmpl-tool-a5fef2820597b427,chatcmpl-tool-a5fef2820597b427,runs/phase6,mini-swe-agent-forest,mini-swe-agent-forest,unknown,detect,2024-01-canto,token-flow/branch-01,agent_bash_tool,1,1,0,1,code_or_file_inspection,1,cat,1,file_reader,1,1,0,0,0,0,0,0
chatcmpl-tool-a61d41b23d8ff3c4,chatcmpl-tool-a61d41b23d8ff3c4,runs/phase6,mini-swe-agent-forest,mini-swe-agent-forest,unknown,detect,2024-01-canto,token-flow/branch-01,agent_bash_tool,1,1,0,1,code_or_file_inspection,1,cat,1,file_reader,1,1,0,0,0,0,0,0
chatcmpl-tool-a6fe85011393d477,chatcmpl-tool-a6fe85011393d477,runs/phase6,mini-swe-agent-forest,mini-swe-agent-forest,unknown,detect,2024-01-canto,token-flow/judge,agent_bash_tool,1,1,0,1,code_search,1,grep,1,search,1,1,0,0,1,0,0,0
chatcmpl-tool-a7171cf1ba359574,chatcmpl-tool-a7171cf1ba359574,runs/phase6,mini-swe-agent-forest,mini-swe-agent-forest,unknown,detect,2024-01-canto,cross-contract/branch-01,agent_bash_tool,1,1,0,1,code_or_file_inspection,1,cat,1,file_reader,1,1,0,0,0,0,0,0
chatcmpl-tool-a75810b98f219842,chatcmpl-tool-a75810b98f219842,runs/phase6,mini-swe-agent-forest,mini-swe-agent-forest,unknown,detect,2024-01-canto,token-flow/judge,agent_bash_tool,1,1,0,1,code_or_file_inspection,1,ls,1,filesystem_inventory,1,1,0,0,0,0,0,0
chatcmpl-tool-a78cf200f861d6b7,chatcmpl-tool-a78cf200f861d6b7,runs/phase6,mini-swe-agent-forest,mini-swe-agent-forest,unknown,detect,2024-01-canto,global-judge,agent_bash_tool,1,1,0,1,code_or_file_inspection,1,for,1,file_reader,1,1,0,0,1,0,0,0
chatcmpl-tool-a7e6145f797f9e18,chatcmpl-tool-a7e6145f797f9e18,runs/vllm-smoke,mini-swe-agent-forest,mini-swe-agent-forest,unknown,detect,2026-05-04-ghcr,global-judge,agent_bash_tool,1,1,0,1,code_or_file_inspection,1,cat,1,file_reader,1,1,0,0,0,0,0,0
chatcmpl-tool-a81c3e873ea094ae,chatcmpl-tool-a81c3e873ea094ae,runs/vllm-smoke,mini-swe-agent-forest,mini-swe-agent-forest,unknown,unknown,2026-05-04-ghcr,scout,agent_bash_tool,1,1,0,1,code_or_file_inspection,1,cat,1,file_reader,1,1,0,0,0,0,0,0
chatcmpl-tool-a84cee2ea34a06b9,chatcmpl-tool-a84cee2ea34a06b9,runs/phase6,mini-swe-agent-forest,mini-swe-agent-forest,unknown,detect,2024-01-canto,cross-contract/branch-01,agent_bash_tool,1,1,0,1,code_or_file_inspection,1,ls,1,filesystem_inventory,1,1,0,0,0,0,0,0
chatcmpl-tool-a9212d2da6ef0b4f,chatcmpl-tool-a9212d2da6ef0b4f,runs/phase6,mini-swe-agent-forest,mini-swe-agent-forest,unknown,detect,2024-01-canto,cross-contract/judge,agent_bash_tool,1,1,0,1,code_or_file_inspection,1,cat,1,file_reader,1,1,0,0,0,0,0,0
chatcmpl-tool-a9b002d0408143e1,chatcmpl-tool-a9b002d0408143e1,runs/phase6,mini-swe-agent-forest,mini-swe-agent-forest,unknown,detect,2024-01-canto,token-flow/judge,agent_bash_tool,1,1,0,1,code_or_file_inspection,1,cat,1,file_reader,1,1,0,0,0,0,0,0
chatcmpl-tool-a9ba0673ac7f81d6,chatcmpl-tool-a9ba0673ac7f81d6,runs/phase6,mini-swe-agent-forest,mini-swe-agent-forest,unknown,detect,2024-01-canto,accounting/judge,agent_bash_tool,1,1,0,1,code_or_file_inspection,1,cat,1,file_reader,1,1,0,0,0,0,0,0
chatcmpl-tool-aa290287c1c9d8ae,chatcmpl-tool-aa290287c1c9d8ae,runs/phase6,mini-swe-agent-forest,mini-swe-agent-forest,unknown,detect,2024-01-canto,access-control/branch-01,agent_bash_tool,1,1,0,1,code_or_file_inspection,1,cat,1,file_reader,1,1,0,0,0,0,0,0
chatcmpl-tool-aa9dbcbeeadf6260,chatcmpl-tool-aa9dbcbeeadf6260,runs/phase6,mini-swe-agent-forest,mini-swe-agent-forest,unknown,detect,2024-01-canto,accounting/judge,agent_bash_tool,1,1,0,1,code_or_file_inspection,1,cat,1,file_reader,1,1,0,0,0,0,0,0
chatcmpl-tool-aaae65d6eb976fff,chatcmpl-tool-aaae65d6eb976fff,runs/phase6,mini-swe-agent-forest,mini-swe-agent-forest,unknown,detect,2024-01-canto,global-judge,agent_bash_tool,1,1,0,1,code_or_file_inspection,1,cat,1,file_reader,1,1,0,0,0,0,0,0
chatcmpl-tool-aabc7396036fde3e,chatcmpl-tool-aabc7396036fde3e,runs/vllm-smoke,mini-swe-agent-forest,mini-swe-agent-forest,unknown,detect,2026-05-04-ghcr,token-flow/branch-01,agent_bash_tool,1,1,0,1,code_or_file_inspection,1,ls,1,filesystem_inventory,1,1,0,0,0,0,0,0
chatcmpl-tool-aae0b13416a662c3,chatcmpl-tool-aae0b13416a662c3,runs/phase6,mini-swe-agent-forest,mini-swe-agent-forest,unknown,detect,2024-01-canto,accounting/branch-01,agent_bash_tool,1,1,0,1,code_or_file_inspection,1,ls,1,filesystem_inventory,1,1,0,0,0,0,0,0
chatcmpl-tool-ab06ca7dc42638c6,chatcmpl-tool-ab06ca7dc42638c6,runs/phase6,mini-swe-agent-forest,mini-swe-agent-forest,unknown,unknown,2024-01-canto,scout,agent_bash_tool,1,1,0,1,code_or_file_inspection,1,cat,1,file_reader,1,1,0,0,0,0,0,0
chatcmpl-tool-ab0873b89ebbe2d6,chatcmpl-tool-ab0873b89ebbe2d6,runs/phase6,mini-swe-agent-forest,mini-swe-agent-forest,unknown,detect,2024-01-canto,token-flow/branch-01,agent_bash_tool,1,1,0,1,code_or_file_inspection,1,cat,1,file_reader,1,1,0,0,0,0,0,0
chatcmpl-tool-aba8a431f177bc87,chatcmpl-tool-aba8a431f177bc87,runs/phase6,mini-swe-agent-forest,mini-swe-agent-forest,unknown,detect,2024-01-canto,token-flow/branch-01,agent_bash_tool,1,1,0,1,code_search,1,grep,1,search,1,1,0,0,1,0,0,0
chatcmpl-tool-abddca69e0bc0981,chatcmpl-tool-abddca69e0bc0981,runs/phase6,mini-swe-agent-forest,mini-swe-agent-forest,unknown,detect,2024-01-canto,access-control/judge,agent_bash_tool,1,1,0,1,code_or_file_inspection,1,cat,1,file_reader,1,1,0,0,0,0,0,0
chatcmpl-tool-ac056a7693c5a3d7,chatcmpl-tool-ac056a7693c5a3d7,runs/phase6,mini-swe-agent-forest,mini-swe-agent-forest,unknown,detect,2024-01-canto,token-flow/judge,agent_bash_tool,1,1,0,1,code_or_file_inspection,1,cat,1,file_reader,1,1,0,0,0,0,0,0
chatcmpl-tool-ac85196ddbeb03c2,chatcmpl-tool-ac85196ddbeb03c2,runs/phase6,mini-swe-agent-forest,mini-swe-agent-forest,unknown,detect,2024-01-canto,accounting/branch-01,agent_bash_tool,1,1,0,1,code_or_file_inspection,1,cat,1,file_reader,1,1,0,0,0,0,0,0
chatcmpl-tool-acdba303812e78ae,chatcmpl-tool-acdba303812e78ae,runs/phase6,mini-swe-agent-forest,mini-swe-agent-forest,unknown,detect,2024-01-canto,cross-contract/branch-01,agent_bash_tool,1,1,0,1,file_or_repo_mutation,1,mkdir,1,other_cli,1,0,0,1,0,1,0,0
chatcmpl-tool-ad2dbfca38527e49,chatcmpl-tool-ad2dbfca38527e49,runs/phase6,mini-swe-agent-forest,mini-swe-agent-forest,unknown,detect,2024-01-canto,global-judge,agent_bash_tool,1,1,0,1,code_or_file_inspection,1,cat,1,file_reader,1,1,0,0,0,0,0,0
chatcmpl-tool-ad801a8345fcd25c,chatcmpl-tool-ad801a8345fcd25c,runs/phase6,mini-swe-agent-forest,mini-swe-agent-forest,unknown,detect,2024-01-canto,cross-contract/branch-01,agent_bash_tool,1,1,0,1,code_or_file_inspection,1,cat,1,file_reader,1,1,0,0,0,0,0,0
chatcmpl-tool-ae1ea13e32969a7a,chatcmpl-tool-ae1ea13e32969a7a,runs/phase6,mini-swe-agent-forest,mini-swe-agent-forest,unknown,detect,2024-01-canto,cross-contract/branch-01,agent_bash_tool,1,1,0,1,code_or_file_inspection,1,ls,1,filesystem_inventory,1,1,0,0,0,0,0,0
chatcmpl-tool-ae5c36e573c7b6c5,chatcmpl-tool-ae5c36e573c7b6c5,runs/phase6,mini-swe-agent-forest,mini-swe-agent-forest,unknown,detect,2024-01-canto,token-flow/branch-01,agent_bash_tool,1,1,0,1,file_or_repo_mutation,1,which,1,other_cli,1,0,0,1,1,1,1,0
chatcmpl-tool-ae9383ba5021ccac,chatcmpl-tool-ae9383ba5021ccac,runs/vllm-smoke,mini-swe-agent-forest,mini-swe-agent-forest,unknown,unknown,2026-05-04-ghcr,scout,agent_bash_tool,1,1,0,1,code_or_file_inspection,1,cat,1,file_reader,1,1,0,0,0,0,0,0
chatcmpl-tool-af4dca9d008c2319,chatcmpl-tool-af4dca9d008c2319,runs/phase6,mini-swe-agent-forest,mini-swe-agent-forest,unknown,detect,2024-01-canto,token-flow/branch-01,agent_bash_tool,1,1,0,1,code_or_file_inspection,1,cat,1,file_reader,1,1,0,0,1,0,0,0
chatcmpl-tool-af65a3aa399e9431,chatcmpl-tool-af65a3aa399e9431,runs/phase6,mini-swe-agent-forest,mini-swe-agent-forest,unknown,detect,2024-01-canto,access-control/branch-01,agent_bash_tool,1,1,0,1,code_or_file_inspection,1,cat,1,file_reader,1,1,0,0,0,0,0,0
chatcmpl-tool-af667896d34b5dfd,chatcmpl-tool-af667896d34b5dfd,runs/vllm-smoke,mini-swe-agent-forest,mini-swe-agent-forest,unknown,detect,2026-05-04-ghcr,token-flow/branch-01,agent_bash_tool,1,1,0,1,code_or_file_inspection,1,cat,1,file_reader,1,1,0,0,0,0,0,0
chatcmpl-tool-af892c21c3b6783f,chatcmpl-tool-af892c21c3b6783f,runs/phase6,mini-swe-agent-forest,mini-swe-agent-forest,unknown,detect,2024-01-canto,token-flow/branch-01,agent_bash_tool,1,1,0,1,build_or_test,1,forge,1,build_test,1,0,0,1,1,1,0,0
chatcmpl-tool-afd2e54fc2874486,chatcmpl-tool-afd2e54fc2874486,runs/phase6,mini-swe-agent-forest,mini-swe-agent-forest,unknown,detect,2024-01-canto,token-flow/branch-01,agent_bash_tool,1,1,0,1,code_search,1,grep,1,search,1,1,0,0,1,0,0,0
chatcmpl-tool-afdf9ed2cdb5f106,chatcmpl-tool-afdf9ed2cdb5f106,runs/phase6,mini-swe-agent-forest,mini-swe-agent-forest,unknown,detect,2024-01-canto,cross-contract/branch-01,agent_bash_tool,1,1,0,1,code_or_file_inspection,1,cat,1,file_reader,1,1,0,0,0,0,0,0
chatcmpl-tool-b03a58a3b1d36d7d,chatcmpl-tool-b03a58a3b1d36d7d,runs/phase6,mini-swe-agent-forest,mini-swe-agent-forest,unknown,detect,2024-01-canto,accounting/judge,agent_bash_tool,1,1,0,1,code_or_file_inspection,1,cat,1,file_reader,1,1,0,0,0,0,0,0
chatcmpl-tool-b050f126e02753d5,chatcmpl-tool-b050f126e02753d5,runs/phase6,mini-swe-agent-forest,mini-swe-agent-forest,unknown,detect,2024-01-canto,cross-contract/judge,agent_bash_tool,1,1,0,1,code_or_file_inspection,1,cat,1,file_reader,1,1,0,0,0,0,0,0
chatcmpl-tool-b0c1601f2a950ebd,chatcmpl-tool-b0c1601f2a950ebd,runs/vllm-smoke,mini-swe-agent-forest,mini-swe-agent-forest,unknown,unknown,2026-05-04-ghcr,scout,agent_bash_tool,1,1,0,1,code_or_file_inspection,1,cat,1,file_reader,1,1,0,0,0,0,0,0
chatcmpl-tool-b2053f8014439aa6,chatcmpl-tool-b2053f8014439aa6,runs/phase6,mini-swe-agent-forest,mini-swe-agent-forest,unknown,detect,2024-01-canto,accounting/branch-01,agent_bash_tool,1,1,0,1,code_or_file_inspection,1,cat,1,file_reader,1,1,0,0,0,0,0,0
chatcmpl-tool-b212bc3263583fd2,chatcmpl-tool-b212bc3263583fd2,runs/vllm-smoke,mini-swe-agent-forest,mini-swe-agent-forest,unknown,unknown,2026-05-04-ghcr,scout,agent_bash_tool,1,1,0,1,code_or_file_inspection,1,cat,1,file_reader,1,1,0,0,0,0,0,0
chatcmpl-tool-b21b06dac046a87d,chatcmpl-tool-b21b06dac046a87d,runs/phase6,mini-swe-agent-forest,mini-swe-agent-forest,unknown,detect,2024-01-canto,token-flow/judge,agent_bash_tool,1,1,0,1,code_or_file_inspection,1,cat,1,file_reader,1,1,0,0,1,0,0,0
chatcmpl-tool-b21dd5d8e475a32c,chatcmpl-tool-b21dd5d8e475a32c,runs/vllm-smoke,mini-swe-agent-forest,mini-swe-agent-forest,unknown,detect,2026-05-04-ghcr,token-flow/branch-01,agent_bash_tool,1,1,0,1,code_or_file_inspection,1,cat,1,file_reader,1,1,0,0,0,0,0,0
chatcmpl-tool-b235d04938e60631,chatcmpl-tool-b235d04938e60631,runs/phase6,mini-swe-agent-forest,mini-swe-agent-forest,unknown,detect,2024-01-canto,cross-contract/branch-01,agent_bash_tool,1,1,0,1,code_or_file_inspection,1,cat,1,file_reader,1,1,0,0,0,0,0,0
chatcmpl-tool-b26e3f5d6aff3d8e,chatcmpl-tool-b26e3f5d6aff3d8e,runs/phase6,mini-swe-agent-forest,mini-swe-agent-forest,unknown,detect,2024-01-canto,cross-contract/branch-01,agent_bash_tool,1,1,0,1,code_or_file_inspection,1,cat,1,file_reader,1,1,0,0,0,0,0,0
chatcmpl-tool-b277818b6247427a,chatcmpl-tool-b277818b6247427a,runs/phase6,mini-swe-agent-forest,mini-swe-agent-forest,unknown,detect,2024-01-canto,cross-contract/judge,agent_bash_tool,1,1,0,1,code_or_file_inspection,1,cat,1,file_reader,1,1,0,0,0,0,0,0
chatcmpl-tool-b2974574aa65683c,chatcmpl-tool-b2974574aa65683c,runs/vllm-smoke,mini-swe-agent-forest,mini-swe-agent-forest,unknown,unknown,2026-05-04-ghcr,scout,agent_bash_tool,1,1,0,1,code_or_file_inspection,1,cat,1,file_reader,1,1,0,0,0,0,0,0
chatcmpl-tool-b2d3af1c676291f9,chatcmpl-tool-b2d3af1c676291f9,runs/phase6,mini-swe-agent-forest,mini-swe-agent-forest,unknown,unknown,2024-01-canto,scout,agent_bash_tool,1,1,0,1,code_or_file_inspection,1,ls,1,filesystem_inventory,1,1,0,0,0,0,0,0
chatcmpl-tool-b3598d67361c2b16,chatcmpl-tool-b3598d67361c2b16,runs/vllm-smoke,mini-swe-agent-forest,mini-swe-agent-forest,unknown,detect,2026-05-04-ghcr,token-flow/judge,agent_bash_tool,1,1,0,1,code_or_file_inspection,1,cat,1,file_reader,1,1,0,0,0,0,0,0
chatcmpl-tool-b3b2ad40564f2f2f,chatcmpl-tool-b3b2ad40564f2f2f,runs/phase6,mini-swe-agent-forest,mini-swe-agent-forest,unknown,detect,2024-01-canto,token-flow/judge,agent_bash_tool,1,1,0,1,code_or_file_inspection,1,cat,1,file_reader,1,1,0,0,0,0,0,0
chatcmpl-tool-b3ed15e92971b5ef,chatcmpl-tool-b3ed15e92971b5ef,runs/vllm-smoke,mini-swe-agent-forest,mini-swe-agent-forest,unknown,detect,2026-05-04-ghcr,token-flow/judge,agent_bash_tool,1,1,0,1,code_or_file_inspection,1,ls,1,filesystem_inventory,1,1,0,0,0,0,0,0
chatcmpl-tool-b3f110cf66bb27b4,chatcmpl-tool-b3f110cf66bb27b4,runs/phase6,mini-swe-agent-forest,mini-swe-agent-forest,unknown,unknown,2024-01-canto,scout,agent_bash_tool,1,1,0,1,code_or_file_inspection,1,cat,1,file_reader,1,1,0,0,0,0,0,0
chatcmpl-tool-b4201560045fe332,chatcmpl-tool-b4201560045fe332,runs/phase6,mini-swe-agent-forest,mini-swe-agent-forest,unknown,detect,2024-01-canto,cross-contract/judge,agent_bash_tool,1,1,0,1,code_or_file_inspection,1,cat,1,file_reader,1,1,0,0,0,0,0,0
chatcmpl-tool-b455adc15da23415,chatcmpl-tool-b455adc15da23415,runs/phase6,mini-swe-agent-forest,mini-swe-agent-forest,unknown,detect,2024-01-canto,access-control/branch-01,agent_bash_tool,1,1,0,1,code_or_file_inspection,1,cat,1,file_reader,1,1,0,0,0,0,0,0
chatcmpl-tool-b4615e1bf6cc759a,chatcmpl-tool-b4615e1bf6cc759a,runs/phase6,mini-swe-agent-forest,mini-swe-agent-forest,unknown,detect,2024-01-canto,cross-contract/branch-01,agent_bash_tool,1,1,0,1,code_or_file_inspection,1,cat,1,file_reader,1,1,0,0,0,0,0,0
chatcmpl-tool-b4b97f299a6ffdd7,chatcmpl-tool-b4b97f299a6ffdd7,runs/vllm-smoke,mini-swe-agent-forest,mini-swe-agent-forest,unknown,detect,2026-05-04-ghcr,token-flow/branch-01,agent_bash_tool,1,1,0,1,file_or_repo_mutation,1,cat,1,file_reader,1,0,0,1,1,1,0,0
chatcmpl-tool-b5691c62681c9be0,chatcmpl-tool-b5691c62681c9be0,runs/vllm-smoke,mini-swe-agent-forest,mini-swe-agent-forest,unknown,unknown,2026-05-04-ghcr,scout,agent_bash_tool,1,1,0,1,code_or_file_inspection,1,ls,1,filesystem_inventory,1,1,0,0,0,0,0,0
chatcmpl-tool-b64c9f8c8f73a099,chatcmpl-tool-b64c9f8c8f73a099,runs/phase6,mini-swe-agent-forest,mini-swe-agent-forest,unknown,detect,2024-01-canto,cross-contract/branch-01,agent_bash_tool,1,1,0,1,code_or_file_inspection,1,echo,1,file_reader,1,1,0,0,1,0,0,0
chatcmpl-tool-b6bada7932f36000,chatcmpl-tool-b6bada7932f36000,runs/phase6,mini-swe-agent-forest,mini-swe-agent-forest,unknown,detect,2024-01-canto,global-judge,agent_bash_tool,1,1,0,1,code_or_file_inspection,1,cat,1,file_reader,1,1,0,0,0,0,0,0
chatcmpl-tool-b7379643c09aab06,chatcmpl-tool-b7379643c09aab06,runs/phase6,mini-swe-agent-forest,mini-swe-agent-forest,unknown,detect,2024-01-canto,accounting/judge,agent_bash_tool,1,1,0,1,code_or_file_inspection,1,cat,1,file_reader,1,1,0,0,0,0,0,0
chatcmpl-tool-b74566e37702360b,chatcmpl-tool-b74566e37702360b,runs/vllm-smoke,mini-swe-agent-forest,mini-swe-agent-forest,unknown,detect,2026-05-04-ghcr,global-judge,agent_bash_tool,1,1,0,1,code_or_file_inspection,1,cat,1,file_reader,1,1,0,0,0,0,0,0
chatcmpl-tool-b773c7a980ef91c7,chatcmpl-tool-b773c7a980ef91c7,runs/phase6,mini-swe-agent-forest,mini-swe-agent-forest,unknown,detect,2024-01-canto,global-judge,agent_bash_tool,1,1,0,1,code_search,1,find,1,search,1,1,0,0,1,0,0,0
chatcmpl-tool-b77710dc3eb94010,chatcmpl-tool-b77710dc3eb94010,runs/vllm-smoke,mini-swe-agent-forest,mini-swe-agent-forest,unknown,detect,2026-05-04-ghcr,token-flow/branch-01,agent_bash_tool,1,1,0,1,code_or_file_inspection,1,cat,1,file_reader,1,1,0,0,0,0,0,0
chatcmpl-tool-b8659f8decfc4960,chatcmpl-tool-b8659f8decfc4960,runs/phase6,mini-swe-agent-forest,mini-swe-agent-forest,unknown,detect,2024-01-canto,access-control/branch-01,agent_bash_tool,1,1,0,1,code_or_file_inspection,1,cat,1,file_reader,1,1,0,0,0,0,0,0
chatcmpl-tool-b8665d1523d68751,chatcmpl-tool-b8665d1523d68751,runs/phase6,mini-swe-agent-forest,mini-swe-agent-forest,unknown,detect,2024-01-canto,access-control/judge,agent_bash_tool,1,1,0,1,code_or_file_inspection,1,ls,1,file_reader,1,1,0,0,1,0,0,0
chatcmpl-tool-b89c3b966c9220e0,chatcmpl-tool-b89c3b966c9220e0,runs/phase6,mini-swe-agent-forest,mini-swe-agent-forest,unknown,detect,2024-01-canto,cross-contract/judge,agent_bash_tool,1,1,0,1,code_or_file_inspection,1,cat,1,file_reader,1,1,0,0,0,0,0,0
chatcmpl-tool-b8ace9fb632776a7,chatcmpl-tool-b8ace9fb632776a7,runs/vllm-smoke,mini-swe-agent-forest,mini-swe-agent-forest,unknown,detect,2026-05-04-ghcr,token-flow/branch-01,agent_bash_tool,1,1,0,1,code_or_file_inspection,1,cat,1,file_reader,1,1,0,0,0,0,0,0
chatcmpl-tool-b8b96abd4a5a84b6,chatcmpl-tool-b8b96abd4a5a84b6,runs/phase6,mini-swe-agent-forest,mini-swe-agent-forest,unknown,unknown,2024-01-canto,scout,agent_bash_tool,1,1,0,1,code_or_file_inspection,1,cat,1,file_reader,1,1,0,0,0,0,0,0
chatcmpl-tool-b8bbc3ccb42c8c38,chatcmpl-tool-b8bbc3ccb42c8c38,runs/vllm-smoke,mini-swe-agent-forest,mini-swe-agent-forest,unknown,detect,2026-05-04-ghcr,global-judge,agent_bash_tool,1,1,0,1,code_or_file_inspection,1,find,1,file_reader,1,1,0,0,1,0,0,0
chatcmpl-tool-b8cc8bd3fc4920b0,chatcmpl-tool-b8cc8bd3fc4920b0,runs/phase6,mini-swe-agent-forest,mini-swe-agent-forest,unknown,detect,2024-01-canto,accounting/branch-01,agent_bash_tool,1,1,0,1,code_or_file_inspection,1,cat,1,file_reader,1,1,0,0,1,0,0,0
chatcmpl-tool-b938949713975def,chatcmpl-tool-b938949713975def,runs/phase6,mini-swe-agent-forest,mini-swe-agent-forest,unknown,detect,2024-01-canto,cross-contract/branch-01,agent_bash_tool,1,1,0,1,code_or_file_inspection,1,cat,1,file_reader,1,1,0,0,0,0,0,0
chatcmpl-tool-b9478b15083539af,chatcmpl-tool-b9478b15083539af,runs/phase6,mini-swe-agent-forest,mini-swe-agent-forest,unknown,detect,2024-01-canto,global-judge,agent_bash_tool,1,1,0,1,code_or_file_inspection,1,cat,1,file_reader,1,1,0,0,0,0,0,0
chatcmpl-tool-b94e54dbe9f7cae9,chatcmpl-tool-b94e54dbe9f7cae9,runs/vllm-smoke,mini-swe-agent-forest,mini-swe-agent-forest,unknown,detect,2026-05-04-ghcr,token-flow/branch-01,agent_bash_tool,1,1,0,1,code_or_file_inspection,1,cat,1,file_reader,1,1,0,0,0,0,0,0
chatcmpl-tool-b9a78b31d3cc61c4,chatcmpl-tool-b9a78b31d3cc61c4,runs/vllm-smoke,mini-swe-agent-forest,mini-swe-agent-forest,unknown,detect,2026-05-04-ghcr,token-flow/branch-01,agent_bash_tool,1,1,0,1,code_or_file_inspection,1,ls,1,filesystem_inventory,1,1,0,0,0,0,0,0
chatcmpl-tool-badbb3ffce2e6366,chatcmpl-tool-badbb3ffce2e6366,runs/phase6,mini-swe-agent-forest,mini-swe-agent-forest,unknown,detect,2024-01-canto,access-control/branch-01,agent_bash_tool,1,1,0,1,code_or_file_inspection,1,cat,1,file_reader,1,1,0,0,0,0,0,0
chatcmpl-tool-bb123e498788a1cb,chatcmpl-tool-bb123e498788a1cb,runs/phase6,mini-swe-agent-forest,mini-swe-agent-forest,unknown,detect,2024-01-canto,accounting/branch-01,agent_bash_tool,1,1,0,1,code_or_file_inspection,1,sed,1,file_reader,1,1,0,0,0,0,0,0
chatcmpl-tool-bbd5ac31dba6f54d,chatcmpl-tool-bbd5ac31dba6f54d,runs/phase6,mini-swe-agent-forest,mini-swe-agent-forest,unknown,detect,2024-01-canto,access-control/branch-01,agent_bash_tool,1,1,0,1,code_or_file_inspection,1,ls,1,filesystem_inventory,1,1,0,0,0,0,0,0
chatcmpl-tool-bc4dcb373df743f4,chatcmpl-tool-bc4dcb373df743f4,runs/phase6,mini-swe-agent-forest,mini-swe-agent-forest,unknown,detect,2024-01-canto,accounting/branch-01,agent_bash_tool,1,1,0,1,code_or_file_inspection,1,cat,1,file_reader,1,1,0,0,1,0,0,0
chatcmpl-tool-bce69530746f01f8,chatcmpl-tool-bce69530746f01f8,runs/phase6,mini-swe-agent-forest,mini-swe-agent-forest,unknown,detect,2024-01-canto,access-control/branch-01,agent_bash_tool,1,1,0,1,code_or_file_inspection,1,cat,1,file_reader,1,1,0,0,1,0,0,0
chatcmpl-tool-bcfd2648343f46ec,chatcmpl-tool-bcfd2648343f46ec,runs/phase6,mini-swe-agent-forest,mini-swe-agent-forest,unknown,detect,2024-01-canto,token-flow/branch-01,agent_bash_tool,1,1,0,1,file_or_repo_mutation,1,cat,1,file_reader,1,0,0,1,1,1,0,0
chatcmpl-tool-bde8cd695e79f1b6,chatcmpl-tool-bde8cd695e79f1b6,runs/phase6,mini-swe-agent-forest,mini-swe-agent-forest,unknown,detect,2024-01-canto,access-control/branch-01,agent_bash_tool,1,1,0,1,code_or_file_inspection,1,cat,1,file_reader,1,1,0,0,1,0,0,0
chatcmpl-tool-be0cdef487a4c052,chatcmpl-tool-be0cdef487a4c052,runs/phase6,mini-swe-agent-forest,mini-swe-agent-forest,unknown,unknown,2024-01-canto,scout,agent_bash_tool,1,1,0,1,code_or_file_inspection,1,cat,1,file_reader,1,1,0,0,0,0,0,0
chatcmpl-tool-be7b8cd7a1956417,chatcmpl-tool-be7b8cd7a1956417,runs/phase6,mini-swe-agent-forest,mini-swe-agent-forest,unknown,detect,2024-01-canto,accounting/judge,agent_bash_tool,1,1,0,1,code_or_file_inspection,1,cat,1,file_reader,1,1,0,0,0,0,0,0
chatcmpl-tool-beb11cdde3cddd7f,chatcmpl-tool-beb11cdde3cddd7f,runs/phase6,mini-swe-agent-forest,mini-swe-agent-forest,unknown,detect,2024-01-canto,cross-contract/branch-01,agent_bash_tool,1,1,0,1,code_or_file_inspection,1,cat,1,file_reader,1,1,0,0,0,0,0,0
chatcmpl-tool-bec6164b66506c8a,chatcmpl-tool-bec6164b66506c8a,runs/phase6,mini-swe-agent-forest,mini-swe-agent-forest,unknown,detect,2024-01-canto,token-flow/branch-01,agent_bash_tool,1,1,0,1,code_or_file_inspection,1,cat,1,file_reader,1,1,0,0,0,0,0,0
chatcmpl-tool-bf456549f5d6ad65,chatcmpl-tool-bf456549f5d6ad65,runs/phase6,mini-swe-agent-forest,mini-swe-agent-forest,unknown,detect,2024-01-canto,access-control/judge,agent_bash_tool,1,1,0,1,code_or_file_inspection,1,cat,1,file_reader,1,1,0,0,0,0,0,0
chatcmpl-tool-bf4f6e1ae410215c,chatcmpl-tool-bf4f6e1ae410215c,runs/phase6,mini-swe-agent-forest,mini-swe-agent-forest,unknown,unknown,2024-01-canto,scout,agent_bash_tool,1,1,0,1,code_or_file_inspection,1,cat,1,file_reader,1,1,0,0,0,0,0,0
chatcmpl-tool-bfb0f5e2d999b99c,chatcmpl-tool-bfb0f5e2d999b99c,runs/phase6,mini-swe-agent-forest,mini-swe-agent-forest,unknown,detect,2024-01-canto,global-judge,agent_bash_tool,1,1,0,1,code_or_file_inspection,1,cat,1,file_reader,1,1,0,0,0,0,0,0
chatcmpl-tool-bfc6253fdb7e99f9,chatcmpl-tool-bfc6253fdb7e99f9,runs/phase6,mini-swe-agent-forest,mini-swe-agent-forest,unknown,detect,2024-01-canto,accounting/branch-01,agent_bash_tool,1,1,0,1,code_or_file_inspection,1,cat,1,file_reader,1,1,0,0,0,0,0,0
chatcmpl-tool-bfdd3d02ff047f88,chatcmpl-tool-bfdd3d02ff047f88,runs/phase6,mini-swe-agent-forest,mini-swe-agent-forest,unknown,unknown,2024-01-canto,scout,agent_bash_tool,1,1,0,1,code_or_file_inspection,1,cat,1,file_reader,1,1,0,0,0,0,0,0
codex--gpt-5.4-6641e7fa--detect--2025-06-panoptic,codex--gpt-5.4-6641e7fa--detect--2025-06-panoptic,runs/openrouter-v1,codex,codex,gpt-5.4-6641e7fa,detect,2025-06-panoptic,,runner_command,1,0,1,1,run_orchestration,1,uv,1,package_manager,1,0,0,0,0,0,0,0
codex--gpt-5.4-6641e7fa--exploit--2025-06-panoptic,codex--gpt-5.4-6641e7fa--exploit--2025-06-panoptic,runs/openrouter-v1,codex,codex,gpt-5.4-6641e7fa,exploit,2025-06-panoptic,,runner_command,1,0,1,1,run_orchestration,1,uv,1,package_manager,1,0,0,0,0,0,0,0
codex--gpt-5.4-6641e7fa--patch--2025-06-panoptic,codex--gpt-5.4-6641e7fa--patch--2025-06-panoptic,runs/openrouter-v1,codex,codex,gpt-5.4-6641e7fa,patch,2025-06-panoptic,,runner_command,1,0,1,1,run_orchestration,1,uv,1,package_manager,1,0,0,0,0,0,0,0
mini-swe-agent-modal-forest-qwen-vllm-4trees-debug,mini-swe-agent-modal-forest-qwen-vllm-4trees-debug,runs/phase6,mini-swe-agent-modal-forest-qwen-vllm-4trees-debug,mini-swe-agent-modal-forest-qwen-vllm-4trees-debug,unknown,detect,2026-05-04,,runner_command,1,0,1,1,run_orchestration,1,uv,1,package_manager,1,0,0,0,0,0,1,0
