run_key,run_label,harness,mode,audit_id,total_calls,blockchain_rpc_probe,build_or_test,code_or_file_inspection,code_search,file_or_repo_mutation,other,run_orchestration,script_or_runtime,submission_output,text_processing,version_control
runs/phase6/vllm-4trees-2026-05-04/modal-forest-qwen-vllm-4trees-debug/2026-05-04T11-57-08-GMT_run-group_mini-swe-agent-modal-forest-qwen-vllm-4trees-debug_detect,phase6/vllm-4trees-2026-05-04/modal-forest-qwen-vllm-4trees-debug,mini-swe-agent-forest,detect,2024-01-canto,193,0,0,161,15,7,9,1,0,0,0,0
runs/phase6/qwen-vllm-2tree-canto-2026-05-05/modal-forest-qwen-vllm-2trees-debug/2026-05-05T15-29-29-GMT_run-group_mini-swe-agent-modal-forest-qwen-vllm-2trees-debug_detect,phase6/qwen-vllm-2tree-canto-2026-05-05/modal-forest-qwen-vllm-2trees-debug,mini-swe-agent-forest,detect,2024-01-canto,101,0,1,89,2,8,0,1,0,0,0,0
runs/rca/qwen-vllm-2tree-canto-2026-05-05/modal-forest-qwen-vllm-2trees-debug/2026-05-05T15-29-29-GMT_run-group_mini-swe-agent-modal-forest-qwen-vllm-2trees-debug_detect,rca/qwen-vllm-2tree-canto-2026-05-05/modal-forest-qwen-vllm-2trees-debug,mini-swe-agent-forest,detect,2024-01-canto,101,0,1,89,2,8,0,1,0,0,0,0
runs/openrouter-v1/openrouter-owl-alpha-rich4-patch-20260515T155754Z/evmbench_runs/codex--openrouter__owl-alpha-377195ae--patch--2023-12-ethereumcreditguild/2026-05-15T15-59-41-GMT_run-group_codex-openrouter-v1_patch,codex--openrouter__owl-alpha-377195ae--patch--2023-12-ethereumcreditguild,codex,patch,2023-12-ethereumcreditguild,90,0,12,56,10,7,1,0,0,2,0,2
runs/openrouter-v1/openrouter-owl-alpha-rich4-patch-20260515T155754Z/evmbench_runs/codex--openrouter__owl-alpha-377195ae--patch--2024-05-olas/2026-05-15T16-53-17-GMT_run-group_codex-openrouter-v1_patch,codex--openrouter__owl-alpha-377195ae--patch--2024-05-olas,codex,patch,2024-05-olas,82,0,0,72,10,0,0,0,0,0,0,0
runs/openrouter-v1/openai-gpt-5.4-opencode-panoptic-rerun-20260513T122729Z/evmbench_runs/opencode--gpt-5.4-6641e7fa--exploit--2025-06-panoptic/2026-05-13T13-28-35-GMT_run-group_opencode-openrouter-v1_exploit,opencode--gpt-5.4-6641e7fa--exploit--2025-06-panoptic,opencode,exploit,2025-06-panoptic,64,62,0,1,0,0,0,0,1,0,0,0
runs/openrouter-v1/openai-gpt-5.4-both-blackhole-allmodes-20260515T132540Z/evmbench_runs/codex--gpt-5.4-6641e7fa--exploit--2025-05-blackhole/2026-05-15T13-37-57-GMT_run-group_codex-openrouter-v1_exploit,codex--gpt-5.4-6641e7fa--exploit--2025-05-blackhole,codex,exploit,2025-05-blackhole,62,18,0,6,6,24,1,0,6,0,1,0
runs/openrouter-v1/openai-gpt-5.4-both-blackhole-allmodes-20260515T132540Z/evmbench_runs/opencode--gpt-5.4-6641e7fa--exploit--2025-05-blackhole/2026-05-15T15-04-53-GMT_run-group_opencode-openrouter-v1_exploit,opencode--gpt-5.4-6641e7fa--exploit--2025-05-blackhole,opencode,exploit,2025-05-blackhole,50,44,0,0,0,0,6,0,0,0,0,0
runs/openrouter-v1/openai-gpt-5.4-sample-panoptic-all-modes/evmbench_runs/codex--gpt-5.4-6641e7fa--exploit--2025-06-panoptic/2026-05-12T15-45-09-GMT_run-group_codex-openrouter-v1_exploit,codex--gpt-5.4-6641e7fa--exploit--2025-06-panoptic,codex,exploit,2025-06-panoptic,42,19,5,10,4,2,1,0,1,0,0,0
runs/openrouter-v1/openai-gpt-5.4-both-blackhole-allmodes-20260515T132540Z/evmbench_runs/codex--gpt-5.4-6641e7fa--detect--2025-05-blackhole/2026-05-15T13-27-23-GMT_run-group_codex-openrouter-v1_detect,codex--gpt-5.4-6641e7fa--detect--2025-05-blackhole,codex,detect,2025-05-blackhole,27,0,0,15,6,1,0,0,0,4,0,1
runs/openrouter-v1/openai-gpt-5.4-sample-panoptic-all-modes/evmbench_runs/codex--gpt-5.4-6641e7fa--patch--2025-06-panoptic/2026-05-12T15-40-47-GMT_run-group_codex-openrouter-v1_patch,codex--gpt-5.4-6641e7fa--patch--2025-06-panoptic,codex,patch,2025-06-panoptic,24,0,9,0,0,1,0,0,13,1,0,0
runs/openrouter-v1/openai-gpt-5.4-sample-panoptic-all-modes/evmbench_runs/codex--gpt-5.4-6641e7fa--detect--2025-06-panoptic/2026-05-12T15-38-02-GMT_run-group_codex-openrouter-v1_detect,codex--gpt-5.4-6641e7fa--detect--2025-06-panoptic,codex,detect,2025-06-panoptic,22,0,3,12,3,1,0,0,0,2,1,0
runs/openrouter-v1/openai-gpt-5.4-sample-detect-only-small/evmbench_runs/codex--gpt-5.4-6641e7fa--detect--2024-03-gitcoin/2026-05-13T16-26-31-GMT_run-group_codex-openrouter-v1_detect,codex--gpt-5.4-6641e7fa--detect--2024-03-gitcoin,codex,detect,2024-03-gitcoin,20,0,3,5,0,2,8,0,0,2,0,0
runs/openrouter-v1/openai-gpt-5.4-both-blackhole-allmodes-20260515T132540Z/evmbench_runs/codex--gpt-5.4-6641e7fa--patch--2025-05-blackhole/2026-05-15T13-35-46-GMT_run-group_codex-openrouter-v1_patch,codex--gpt-5.4-6641e7fa--patch--2025-05-blackhole,codex,patch,2025-05-blackhole,16,0,2,7,2,3,0,0,1,1,0,0
runs/openrouter-v1/openai-gpt-5.4-sample-detect-only-small/evmbench_runs/codex--gpt-5.4-6641e7fa--detect--2025-02-thorwallet/2026-05-13T16-48-34-GMT_run-group_codex-openrouter-v1_detect,codex--gpt-5.4-6641e7fa--detect--2025-02-thorwallet,codex,detect,2025-02-thorwallet,14,0,3,3,0,0,5,0,0,2,1,0
runs/openrouter-v1/openai-gpt-5.4-both-blackhole-allmodes-20260515T132540Z/evmbench_runs/opencode--gpt-5.4-6641e7fa--patch--2025-05-blackhole/2026-05-15T14-39-40-GMT_run-group_opencode-openrouter-v1_patch,opencode--gpt-5.4-6641e7fa--patch--2025-05-blackhole,opencode,patch,2025-05-blackhole,12,0,3,0,0,1,0,0,0,0,0,8
runs/openrouter-v1/openai-gpt-5.4-sample-detect-only-small/evmbench_runs/codex--gpt-5.4-6641e7fa--detect--2024-05-loop/2026-05-13T16-45-50-GMT_run-group_codex-openrouter-v1_detect,codex--gpt-5.4-6641e7fa--detect--2024-05-loop,codex,detect,2024-05-loop,9,0,1,3,0,0,3,0,0,2,0,0
runs/openrouter-v1/openai-gpt-5.4-sample-detect-only-small/evmbench_runs/opencode--gpt-5.4-6641e7fa--detect--2024-05-loop/2026-05-13T17-26-53-GMT_run-group_opencode-openrouter-v1_detect,opencode--gpt-5.4-6641e7fa--detect--2024-05-loop,opencode,detect,2024-05-loop,7,1,1,1,0,0,0,0,0,0,0,4
runs/openrouter-v1/openai-gpt-5.4-opencode-panoptic-rerun-20260513T122729Z/evmbench_runs/opencode--gpt-5.4-6641e7fa--patch--2025-06-panoptic/2026-05-13T12-58-20-GMT_run-group_opencode-openrouter-v1_patch,opencode--gpt-5.4-6641e7fa--patch--2025-06-panoptic,opencode,patch,2025-06-panoptic,6,0,2,0,0,0,0,0,4,0,0,0
runs/openrouter-v1/openai-gpt-5.4-both-blackhole-allmodes-20260515T132540Z/evmbench_runs/opencode--gpt-5.4-6641e7fa--detect--2025-05-blackhole/2026-05-15T14-09-18-GMT_run-group_opencode-openrouter-v1_detect,opencode--gpt-5.4-6641e7fa--detect--2025-05-blackhole,opencode,detect,2025-05-blackhole,5,0,0,3,0,0,0,0,0,0,0,2
runs/openrouter-v1/openrouter-owl-alpha-rich4-patch-20260515T155754Z/evmbench_runs/codex--openrouter__owl-alpha-377195ae--patch--2023-10-nextgen/2026-05-15T15-58-29-GMT_run-group_codex-openrouter-v1_patch,codex--openrouter__owl-alpha-377195ae--patch--2023-10-nextgen,codex,patch,2023-10-nextgen,3,0,0,3,0,0,0,0,0,0,0,0
runs/openrouter-v1/openai-gpt-5.4-sample-detect-only-small/evmbench_runs/opencode--gpt-5.4-6641e7fa--detect--2024-03-gitcoin/2026-05-13T16-56-31-GMT_run-group_opencode-openrouter-v1_detect,opencode--gpt-5.4-6641e7fa--detect--2024-03-gitcoin,opencode,detect,2024-03-gitcoin,3,0,0,2,0,0,0,0,1,0,0,0
runs/openrouter-v1/openai-gpt-5.4-sample-detect-only-small/evmbench_runs/opencode--gpt-5.4-6641e7fa--detect--2025-02-thorwallet/2026-05-13T17-55-36-GMT_run-group_opencode-openrouter-v1_detect,opencode--gpt-5.4-6641e7fa--detect--2025-02-thorwallet,opencode,detect,2025-02-thorwallet,3,0,1,0,0,1,0,0,1,0,0,0
codex--gpt-5.4-6641e7fa--detect--2024-03-gitcoin,codex--gpt-5.4-6641e7fa--detect--2024-03-gitcoin,codex,detect,2024-03-gitcoin,2,0,0,0,0,0,0,2,0,0,0,0
codex--gpt-5.4-6641e7fa--detect--2024-05-loop,codex--gpt-5.4-6641e7fa--detect--2024-05-loop,codex,detect,2024-05-loop,2,0,0,0,0,0,0,2,0,0,0,0
codex--gpt-5.4-6641e7fa--detect--2025-02-thorwallet,codex--gpt-5.4-6641e7fa--detect--2025-02-thorwallet,codex,detect,2025-02-thorwallet,2,0,0,0,0,0,0,2,0,0,0,0
codex--gpt-5.4-6641e7fa--detect--2025-05-blackhole,codex--gpt-5.4-6641e7fa--detect--2025-05-blackhole,codex,detect,2025-05-blackhole,2,0,0,0,0,0,0,2,0,0,0,0
codex--gpt-5.4-6641e7fa--exploit--2025-05-blackhole,codex--gpt-5.4-6641e7fa--exploit--2025-05-blackhole,codex,exploit,2025-05-blackhole,2,0,0,0,0,0,0,2,0,0,0,0
codex--gpt-5.4-6641e7fa--patch--2025-05-blackhole,codex--gpt-5.4-6641e7fa--patch--2025-05-blackhole,codex,patch,2025-05-blackhole,2,0,0,0,0,0,0,2,0,0,0,0
codex--openrouter__owl-alpha-377195ae--patch--2023-10-nextgen,codex--openrouter__owl-alpha-377195ae--patch--2023-10-nextgen,codex,patch,2023-10-nextgen,2,0,0,0,0,0,0,2,0,0,0,0
codex--openrouter__owl-alpha-377195ae--patch--2023-12-ethereumcreditguild,codex--openrouter__owl-alpha-377195ae--patch--2023-12-ethereumcreditguild,codex,patch,2023-12-ethereumcreditguild,2,0,0,0,0,0,0,2,0,0,0,0
codex--openrouter__owl-alpha-377195ae--patch--2024-05-olas,codex--openrouter__owl-alpha-377195ae--patch--2024-05-olas,codex,patch,2024-05-olas,2,0,0,0,0,0,0,2,0,0,0,0
codex--openrouter__owl-alpha-377195ae--patch--2024-07-basin,codex--openrouter__owl-alpha-377195ae--patch--2024-07-basin,codex,patch,2024-07-basin,2,0,0,0,0,0,0,2,0,0,0,0
opencode--gpt-5.4-6641e7fa--detect--2024-03-gitcoin,opencode--gpt-5.4-6641e7fa--detect--2024-03-gitcoin,opencode,detect,2024-03-gitcoin,2,0,0,0,0,0,0,2,0,0,0,0
opencode--gpt-5.4-6641e7fa--detect--2024-05-loop,opencode--gpt-5.4-6641e7fa--detect--2024-05-loop,opencode,detect,2024-05-loop,2,0,0,0,0,0,0,2,0,0,0,0
opencode--gpt-5.4-6641e7fa--detect--2025-02-thorwallet,opencode--gpt-5.4-6641e7fa--detect--2025-02-thorwallet,opencode,detect,2025-02-thorwallet,2,0,0,0,0,0,0,2,0,0,0,0
opencode--gpt-5.4-6641e7fa--detect--2025-05-blackhole,opencode--gpt-5.4-6641e7fa--detect--2025-05-blackhole,opencode,detect,2025-05-blackhole,2,0,0,0,0,0,0,2,0,0,0,0
opencode--gpt-5.4-6641e7fa--detect--2025-06-panoptic,opencode--gpt-5.4-6641e7fa--detect--2025-06-panoptic,opencode,detect,2025-06-panoptic,2,0,0,0,0,0,0,2,0,0,0,0
opencode--gpt-5.4-6641e7fa--exploit--2025-05-blackhole,opencode--gpt-5.4-6641e7fa--exploit--2025-05-blackhole,opencode,exploit,2025-05-blackhole,2,0,0,0,0,0,0,2,0,0,0,0
opencode--gpt-5.4-6641e7fa--exploit--2025-06-panoptic,opencode--gpt-5.4-6641e7fa--exploit--2025-06-panoptic,opencode,exploit,2025-06-panoptic,2,0,0,0,0,0,0,2,0,0,0,0
opencode--gpt-5.4-6641e7fa--patch--2025-05-blackhole,opencode--gpt-5.4-6641e7fa--patch--2025-05-blackhole,opencode,patch,2025-05-blackhole,2,0,0,0,0,0,0,2,0,0,0,0
opencode--gpt-5.4-6641e7fa--patch--2025-06-panoptic,opencode--gpt-5.4-6641e7fa--patch--2025-06-panoptic,opencode,patch,2025-06-panoptic,2,0,0,0,0,0,0,2,0,0,0,0
opencode--openrouter__owl-alpha-377195ae--patch--2023-10-nextgen,opencode--openrouter__owl-alpha-377195ae--patch--2023-10-nextgen,opencode,patch,2023-10-nextgen,2,0,0,0,0,0,0,2,0,0,0,0
opencode--openrouter__owl-alpha-377195ae--patch--2023-12-ethereumcreditguild,opencode--openrouter__owl-alpha-377195ae--patch--2023-12-ethereumcreditguild,opencode,patch,2023-12-ethereumcreditguild,2,0,0,0,0,0,0,2,0,0,0,0
opencode--openrouter__owl-alpha-377195ae--patch--2024-05-olas,opencode--openrouter__owl-alpha-377195ae--patch--2024-05-olas,opencode,patch,2024-05-olas,2,0,0,0,0,0,0,2,0,0,0,0
opencode--openrouter__owl-alpha-377195ae--patch--2024-07-basin,opencode--openrouter__owl-alpha-377195ae--patch--2024-07-basin,opencode,patch,2024-07-basin,2,0,0,0,0,0,0,2,0,0,0,0
chatcmpl-tool-805b45012d128e09,chatcmpl-tool-805b45012d128e09,mini-swe-agent-forest,detect,2024-01-canto,1,0,0,1,0,0,0,0,0,0,0,0
chatcmpl-tool-805ecd6d6f8fee58,chatcmpl-tool-805ecd6d6f8fee58,mini-swe-agent-forest,detect,2024-01-canto,1,0,0,1,0,0,0,0,0,0,0,0
chatcmpl-tool-806850d414514109,chatcmpl-tool-806850d414514109,mini-swe-agent-forest,detect,2024-01-canto,1,0,0,1,0,0,0,0,0,0,0,0
chatcmpl-tool-807051aec09922b0,chatcmpl-tool-807051aec09922b0,mini-swe-agent-forest,detect,2024-01-canto,1,0,0,1,0,0,0,0,0,0,0,0
chatcmpl-tool-80c67b1090d30525,chatcmpl-tool-80c67b1090d30525,mini-swe-agent-forest,detect,2024-01-canto,1,0,0,1,0,0,0,0,0,0,0,0
chatcmpl-tool-80fd896a368f0e74,chatcmpl-tool-80fd896a368f0e74,mini-swe-agent-forest,detect,2024-01-canto,1,0,0,1,0,0,0,0,0,0,0,0
chatcmpl-tool-816315cd232d0444,chatcmpl-tool-816315cd232d0444,mini-swe-agent-forest,unknown,2024-01-canto,1,0,0,1,0,0,0,0,0,0,0,0
chatcmpl-tool-819a9a76c0b7e336,chatcmpl-tool-819a9a76c0b7e336,mini-swe-agent-forest,detect,2024-01-canto,1,0,1,0,0,0,0,0,0,0,0,0
chatcmpl-tool-81aa8f83f1ab4fe9,chatcmpl-tool-81aa8f83f1ab4fe9,mini-swe-agent-forest,detect,2024-01-canto,1,0,0,1,0,0,0,0,0,0,0,0
chatcmpl-tool-81af1463aca0f996,chatcmpl-tool-81af1463aca0f996,mini-swe-agent-forest,detect,2024-01-canto,1,0,0,1,0,0,0,0,0,0,0,0
chatcmpl-tool-81b04199344489cf,chatcmpl-tool-81b04199344489cf,mini-swe-agent-forest,detect,2024-01-canto,1,0,0,0,0,1,0,0,0,0,0,0
chatcmpl-tool-821307a54d697680,chatcmpl-tool-821307a54d697680,mini-swe-agent-forest,detect,2024-01-canto,1,0,0,1,0,0,0,0,0,0,0,0
chatcmpl-tool-823ac42a866685ba,chatcmpl-tool-823ac42a866685ba,mini-swe-agent-forest,detect,2024-01-canto,1,0,0,1,0,0,0,0,0,0,0,0
chatcmpl-tool-823d7bef001aa13e,chatcmpl-tool-823d7bef001aa13e,mini-swe-agent-forest,detect,2024-01-canto,1,0,0,1,0,0,0,0,0,0,0,0
chatcmpl-tool-8248c9d15c6c5a29,chatcmpl-tool-8248c9d15c6c5a29,mini-swe-agent-forest,detect,2024-01-canto,1,0,0,1,0,0,0,0,0,0,0,0
chatcmpl-tool-825d18744ab6571c,chatcmpl-tool-825d18744ab6571c,mini-swe-agent-forest,detect,2024-01-canto,1,0,0,0,0,1,0,0,0,0,0,0
chatcmpl-tool-829feccc484fb45d,chatcmpl-tool-829feccc484fb45d,mini-swe-agent-forest,detect,2024-01-canto,1,0,0,1,0,0,0,0,0,0,0,0
chatcmpl-tool-82a1f36da917fddc,chatcmpl-tool-82a1f36da917fddc,mini-swe-agent-forest,detect,2024-01-canto,1,0,0,1,0,0,0,0,0,0,0,0
chatcmpl-tool-832468404293f4be,chatcmpl-tool-832468404293f4be,mini-swe-agent-forest,detect,2024-01-canto,1,0,0,1,0,0,0,0,0,0,0,0
chatcmpl-tool-83268a06a21b59d7,chatcmpl-tool-83268a06a21b59d7,mini-swe-agent-forest,detect,2024-01-canto,1,0,0,1,0,0,0,0,0,0,0,0
chatcmpl-tool-833835d19d2ce513,chatcmpl-tool-833835d19d2ce513,mini-swe-agent-forest,detect,2024-01-canto,1,0,0,1,0,0,0,0,0,0,0,0
chatcmpl-tool-834b2b34a75df826,chatcmpl-tool-834b2b34a75df826,mini-swe-agent-forest,detect,2024-01-canto,1,0,0,0,1,0,0,0,0,0,0,0
chatcmpl-tool-8367dd4a73bd1427,chatcmpl-tool-8367dd4a73bd1427,mini-swe-agent-forest,detect,2024-01-canto,1,0,0,1,0,0,0,0,0,0,0,0
chatcmpl-tool-844eb462904b11c2,chatcmpl-tool-844eb462904b11c2,mini-swe-agent-forest,detect,2024-01-canto,1,0,0,1,0,0,0,0,0,0,0,0
chatcmpl-tool-84b354bfc77ebb1c,chatcmpl-tool-84b354bfc77ebb1c,mini-swe-agent-forest,detect,2024-01-canto,1,0,0,1,0,0,0,0,0,0,0,0
chatcmpl-tool-84f7fffad74c0bad,chatcmpl-tool-84f7fffad74c0bad,mini-swe-agent-forest,detect,2024-01-canto,1,0,0,1,0,0,0,0,0,0,0,0
chatcmpl-tool-8534a3557361b1b1,chatcmpl-tool-8534a3557361b1b1,mini-swe-agent-forest,detect,2024-01-canto,1,0,0,1,0,0,0,0,0,0,0,0
chatcmpl-tool-853b2ad15875f4f4,chatcmpl-tool-853b2ad15875f4f4,mini-swe-agent-forest,detect,2024-01-canto,1,0,0,1,0,0,0,0,0,0,0,0
chatcmpl-tool-8554edbeefddf4d8,chatcmpl-tool-8554edbeefddf4d8,mini-swe-agent-forest,detect,2024-01-canto,1,0,0,1,0,0,0,0,0,0,0,0
chatcmpl-tool-856ed1ef108fda78,chatcmpl-tool-856ed1ef108fda78,mini-swe-agent-forest,detect,2024-01-canto,1,0,0,1,0,0,0,0,0,0,0,0
chatcmpl-tool-858468ed1bbd6db5,chatcmpl-tool-858468ed1bbd6db5,mini-swe-agent-forest,detect,2024-01-canto,1,0,0,1,0,0,0,0,0,0,0,0
chatcmpl-tool-85ea840e78ffea17,chatcmpl-tool-85ea840e78ffea17,mini-swe-agent-forest,detect,2024-01-canto,1,0,0,1,0,0,0,0,0,0,0,0
chatcmpl-tool-85f2b37ba58c6648,chatcmpl-tool-85f2b37ba58c6648,mini-swe-agent-forest,detect,2024-01-canto,1,0,0,1,0,0,0,0,0,0,0,0
chatcmpl-tool-86074124f6a710f6,chatcmpl-tool-86074124f6a710f6,mini-swe-agent-forest,detect,2024-01-canto,1,0,0,1,0,0,0,0,0,0,0,0
chatcmpl-tool-86193e1035ff7f6d,chatcmpl-tool-86193e1035ff7f6d,mini-swe-agent-forest,detect,2024-01-canto,1,0,0,1,0,0,0,0,0,0,0,0
chatcmpl-tool-867c4a21b04e3107,chatcmpl-tool-867c4a21b04e3107,mini-swe-agent-forest,detect,2026-05-04-ghcr,1,0,0,1,0,0,0,0,0,0,0,0
chatcmpl-tool-86a1c057819e6e53,chatcmpl-tool-86a1c057819e6e53,mini-swe-agent-forest,detect,2024-01-canto,1,0,0,1,0,0,0,0,0,0,0,0
chatcmpl-tool-877e37b96f40ec10,chatcmpl-tool-877e37b96f40ec10,mini-swe-agent-forest,detect,2026-05-04-ghcr,1,0,0,1,0,0,0,0,0,0,0,0
chatcmpl-tool-87d4a2d5f0e9be95,chatcmpl-tool-87d4a2d5f0e9be95,mini-swe-agent-forest,detect,2024-01-canto,1,0,0,1,0,0,0,0,0,0,0,0
chatcmpl-tool-87e99018d1d30826,chatcmpl-tool-87e99018d1d30826,mini-swe-agent-forest,detect,2024-01-canto,1,0,0,1,0,0,0,0,0,0,0,0
chatcmpl-tool-880b5e13b711311e,chatcmpl-tool-880b5e13b711311e,mini-swe-agent-forest,detect,2024-01-canto,1,0,0,0,1,0,0,0,0,0,0,0
chatcmpl-tool-883fbe1dfcf5c4d1,chatcmpl-tool-883fbe1dfcf5c4d1,mini-swe-agent-forest,detect,2024-01-canto,1,0,0,1,0,0,0,0,0,0,0,0
chatcmpl-tool-88dfa0eb12174c09,chatcmpl-tool-88dfa0eb12174c09,mini-swe-agent-forest,detect,2026-05-04-ghcr,1,0,0,1,0,0,0,0,0,0,0,0
chatcmpl-tool-89386956b8c7d55d,chatcmpl-tool-89386956b8c7d55d,mini-swe-agent-forest,detect,2026-05-04-ghcr,1,0,0,1,0,0,0,0,0,0,0,0
chatcmpl-tool-89601e7883f6fa10,chatcmpl-tool-89601e7883f6fa10,mini-swe-agent-forest,detect,2024-01-canto,1,0,0,1,0,0,0,0,0,0,0,0
chatcmpl-tool-8a13caac0d713091,chatcmpl-tool-8a13caac0d713091,mini-swe-agent-forest,detect,2024-01-canto,1,0,0,1,0,0,0,0,0,0,0,0
chatcmpl-tool-8a4b82e913cb430a,chatcmpl-tool-8a4b82e913cb430a,mini-swe-agent-forest,detect,2024-01-canto,1,0,0,1,0,0,0,0,0,0,0,0
chatcmpl-tool-8a50b74fa90016d9,chatcmpl-tool-8a50b74fa90016d9,mini-swe-agent-forest,detect,2024-01-canto,1,0,0,1,0,0,0,0,0,0,0,0
chatcmpl-tool-8a971c2994b4e75c,chatcmpl-tool-8a971c2994b4e75c,mini-swe-agent-forest,detect,2024-01-canto,1,0,0,1,0,0,0,0,0,0,0,0
chatcmpl-tool-8b2ea3a1785c8b12,chatcmpl-tool-8b2ea3a1785c8b12,mini-swe-agent-forest,detect,2024-01-canto,1,0,0,1,0,0,0,0,0,0,0,0
chatcmpl-tool-8b80a0b5c56658d3,chatcmpl-tool-8b80a0b5c56658d3,mini-swe-agent-forest,detect,2024-01-canto,1,0,0,0,0,1,0,0,0,0,0,0
chatcmpl-tool-8b987b4297b336db,chatcmpl-tool-8b987b4297b336db,mini-swe-agent-forest,detect,2024-01-canto,1,0,0,1,0,0,0,0,0,0,0,0
chatcmpl-tool-8bb0a5ebd992d7f0,chatcmpl-tool-8bb0a5ebd992d7f0,mini-swe-agent-forest,detect,2024-01-canto,1,0,0,1,0,0,0,0,0,0,0,0
chatcmpl-tool-8bb791750202184f,chatcmpl-tool-8bb791750202184f,mini-swe-agent-forest,detect,2024-01-canto,1,0,0,1,0,0,0,0,0,0,0,0
chatcmpl-tool-8bbdf0107ad47f9a,chatcmpl-tool-8bbdf0107ad47f9a,mini-swe-agent-forest,detect,2024-01-canto,1,0,0,1,0,0,0,0,0,0,0,0
chatcmpl-tool-8bf3680ec8f5e2a7,chatcmpl-tool-8bf3680ec8f5e2a7,mini-swe-agent-forest,detect,2024-01-canto,1,0,0,1,0,0,0,0,0,0,0,0
chatcmpl-tool-8c2f0dac3c9a4b4c,chatcmpl-tool-8c2f0dac3c9a4b4c,mini-swe-agent-forest,detect,2024-01-canto,1,0,0,1,0,0,0,0,0,0,0,0
chatcmpl-tool-8c3678710d3bdf6a,chatcmpl-tool-8c3678710d3bdf6a,mini-swe-agent-forest,detect,2024-01-canto,1,0,0,1,0,0,0,0,0,0,0,0
chatcmpl-tool-8cacd124bad41d5b,chatcmpl-tool-8cacd124bad41d5b,mini-swe-agent-forest,detect,2024-01-canto,1,0,0,0,0,1,0,0,0,0,0,0
chatcmpl-tool-8d1dda262c2a4e04,chatcmpl-tool-8d1dda262c2a4e04,mini-swe-agent-forest,detect,2024-01-canto,1,0,0,1,0,0,0,0,0,0,0,0
chatcmpl-tool-8d95dd8f1cf3138a,chatcmpl-tool-8d95dd8f1cf3138a,mini-swe-agent-forest,detect,2024-01-canto,1,0,0,1,0,0,0,0,0,0,0,0
chatcmpl-tool-8dbb7303195d8314,chatcmpl-tool-8dbb7303195d8314,mini-swe-agent-forest,detect,2024-01-canto,1,0,0,1,0,0,0,0,0,0,0,0
chatcmpl-tool-8e36f2c4266a53b6,chatcmpl-tool-8e36f2c4266a53b6,mini-swe-agent-forest,unknown,2024-01-canto,1,0,0,1,0,0,0,0,0,0,0,0
chatcmpl-tool-8f082feaff9ca2ab,chatcmpl-tool-8f082feaff9ca2ab,mini-swe-agent-forest,detect,2024-01-canto,1,0,0,1,0,0,0,0,0,0,0,0
chatcmpl-tool-8f64db3bf537540c,chatcmpl-tool-8f64db3bf537540c,mini-swe-agent-forest,detect,2024-01-canto,1,0,0,0,0,1,0,0,0,0,0,0
chatcmpl-tool-8f6c0ad893092dcd,chatcmpl-tool-8f6c0ad893092dcd,mini-swe-agent-forest,detect,2024-01-canto,1,0,0,1,0,0,0,0,0,0,0,0
chatcmpl-tool-8f80d0d183bb6b1c,chatcmpl-tool-8f80d0d183bb6b1c,mini-swe-agent-forest,detect,2024-01-canto,1,0,0,1,0,0,0,0,0,0,0,0
chatcmpl-tool-90b1260a1dfc54ab,chatcmpl-tool-90b1260a1dfc54ab,mini-swe-agent-forest,detect,2024-01-canto,1,0,0,0,1,0,0,0,0,0,0,0
chatcmpl-tool-90c5e34472a6af43,chatcmpl-tool-90c5e34472a6af43,mini-swe-agent-forest,detect,2024-01-canto,1,0,0,1,0,0,0,0,0,0,0,0
chatcmpl-tool-90dbd79e3ca85216,chatcmpl-tool-90dbd79e3ca85216,mini-swe-agent-forest,unknown,2024-01-canto,1,0,0,1,0,0,0,0,0,0,0,0
chatcmpl-tool-9122aaa79e0ced10,chatcmpl-tool-9122aaa79e0ced10,mini-swe-agent-forest,detect,2024-01-canto,1,0,0,0,1,0,0,0,0,0,0,0
chatcmpl-tool-913d54f1c2b3a1e8,chatcmpl-tool-913d54f1c2b3a1e8,mini-swe-agent-forest,detect,2024-01-canto,1,0,0,1,0,0,0,0,0,0,0,0
chatcmpl-tool-9144ca126174ea6d,chatcmpl-tool-9144ca126174ea6d,mini-swe-agent-forest,detect,2024-01-canto,1,0,0,1,0,0,0,0,0,0,0,0
chatcmpl-tool-915d97afd27112f8,chatcmpl-tool-915d97afd27112f8,mini-swe-agent-forest,detect,2024-01-canto,1,0,0,1,0,0,0,0,0,0,0,0
chatcmpl-tool-917e97be3440c95b,chatcmpl-tool-917e97be3440c95b,mini-swe-agent-forest,detect,2024-01-canto,1,0,0,1,0,0,0,0,0,0,0,0
chatcmpl-tool-91a9345ce4ce4124,chatcmpl-tool-91a9345ce4ce4124,mini-swe-agent-forest,detect,2026-05-04-ghcr,1,0,0,1,0,0,0,0,0,0,0,0
chatcmpl-tool-91c5812ccf9e5aae,chatcmpl-tool-91c5812ccf9e5aae,mini-swe-agent-forest,detect,2024-01-canto,1,0,0,1,0,0,0,0,0,0,0,0
chatcmpl-tool-921b910d8ff42a0f,chatcmpl-tool-921b910d8ff42a0f,mini-swe-agent-forest,detect,2024-01-canto,1,0,0,1,0,0,0,0,0,0,0,0
chatcmpl-tool-9269791ab0567b25,chatcmpl-tool-9269791ab0567b25,mini-swe-agent-forest,detect,2024-01-canto,1,0,0,1,0,0,0,0,0,0,0,0
chatcmpl-tool-931f91ccc2a2ccce,chatcmpl-tool-931f91ccc2a2ccce,mini-swe-agent-forest,detect,2024-01-canto,1,0,0,1,0,0,0,0,0,0,0,0
chatcmpl-tool-932ba959b5ce0954,chatcmpl-tool-932ba959b5ce0954,mini-swe-agent-forest,detect,2024-01-canto,1,0,0,1,0,0,0,0,0,0,0,0
chatcmpl-tool-9374a0a35523bfb4,chatcmpl-tool-9374a0a35523bfb4,mini-swe-agent-forest,detect,2024-01-canto,1,0,0,1,0,0,0,0,0,0,0,0
chatcmpl-tool-93fedba579b3e78a,chatcmpl-tool-93fedba579b3e78a,mini-swe-agent-forest,detect,2024-01-canto,1,0,0,1,0,0,0,0,0,0,0,0
chatcmpl-tool-943d723040ac1a67,chatcmpl-tool-943d723040ac1a67,mini-swe-agent-forest,detect,2024-01-canto,1,0,0,1,0,0,0,0,0,0,0,0
chatcmpl-tool-95025817cb6a9175,chatcmpl-tool-95025817cb6a9175,mini-swe-agent-forest,detect,2024-01-canto,1,0,0,1,0,0,0,0,0,0,0,0
chatcmpl-tool-951170ac56050a2d,chatcmpl-tool-951170ac56050a2d,mini-swe-agent-forest,unknown,2026-05-04-ghcr,1,0,0,1,0,0,0,0,0,0,0,0
chatcmpl-tool-951ca8c24c169c32,chatcmpl-tool-951ca8c24c169c32,mini-swe-agent-forest,detect,2024-01-canto,1,0,0,1,0,0,0,0,0,0,0,0
chatcmpl-tool-9586c9f14adf81d0,chatcmpl-tool-9586c9f14adf81d0,mini-swe-agent-forest,detect,2024-01-canto,1,0,0,1,0,0,0,0,0,0,0,0
chatcmpl-tool-959c67a2fd0579b7,chatcmpl-tool-959c67a2fd0579b7,mini-swe-agent-forest,detect,2024-01-canto,1,0,0,0,0,1,0,0,0,0,0,0
chatcmpl-tool-95c9ff66909389a2,chatcmpl-tool-95c9ff66909389a2,mini-swe-agent-forest,detect,2024-01-canto,1,0,0,1,0,0,0,0,0,0,0,0
chatcmpl-tool-95dadd9caefa472b,chatcmpl-tool-95dadd9caefa472b,mini-swe-agent-forest,unknown,2024-01-canto,1,0,0,1,0,0,0,0,0,0,0,0
chatcmpl-tool-960a3e6fa7725ef9,chatcmpl-tool-960a3e6fa7725ef9,mini-swe-agent-forest,detect,2026-05-04-ghcr,1,0,0,1,0,0,0,0,0,0,0,0
chatcmpl-tool-9618e92a6f491e93,chatcmpl-tool-9618e92a6f491e93,mini-swe-agent-forest,detect,2024-01-canto,1,0,0,0,0,1,0,0,0,0,0,0
chatcmpl-tool-961ad3e222ff3f66,chatcmpl-tool-961ad3e222ff3f66,mini-swe-agent-forest,detect,2024-01-canto,1,0,0,0,1,0,0,0,0,0,0,0
chatcmpl-tool-962419e055f59f91,chatcmpl-tool-962419e055f59f91,mini-swe-agent-forest,unknown,2024-01-canto,1,0,0,1,0,0,0,0,0,0,0,0
chatcmpl-tool-9670b9aa72ceaac7,chatcmpl-tool-9670b9aa72ceaac7,mini-swe-agent-forest,detect,2024-01-canto,1,0,0,1,0,0,0,0,0,0,0,0
chatcmpl-tool-9685da82a10e9b2b,chatcmpl-tool-9685da82a10e9b2b,mini-swe-agent-forest,detect,2024-01-canto,1,0,0,1,0,0,0,0,0,0,0,0
chatcmpl-tool-9698634db65c398f,chatcmpl-tool-9698634db65c398f,mini-swe-agent-forest,detect,2024-01-canto,1,0,0,1,0,0,0,0,0,0,0,0
chatcmpl-tool-96d25bbe1c7ee78a,chatcmpl-tool-96d25bbe1c7ee78a,mini-swe-agent-forest,detect,2026-05-04-ghcr,1,0,0,1,0,0,0,0,0,0,0,0
chatcmpl-tool-96ecc9e730f3d685,chatcmpl-tool-96ecc9e730f3d685,mini-swe-agent-forest,detect,2024-01-canto,1,0,0,1,0,0,0,0,0,0,0,0
chatcmpl-tool-97550dee0e3c175f,chatcmpl-tool-97550dee0e3c175f,mini-swe-agent-forest,unknown,2024-01-canto,1,0,0,1,0,0,0,0,0,0,0,0
chatcmpl-tool-9773deaf6c5de1fb,chatcmpl-tool-9773deaf6c5de1fb,mini-swe-agent-forest,detect,2026-05-04-ghcr,1,0,0,1,0,0,0,0,0,0,0,0
chatcmpl-tool-97fa8e119a87ce50,chatcmpl-tool-97fa8e119a87ce50,mini-swe-agent-forest,detect,2026-05-04-ghcr,1,0,0,1,0,0,0,0,0,0,0,0
chatcmpl-tool-98260922aae44124,chatcmpl-tool-98260922aae44124,mini-swe-agent-forest,detect,2026-05-04-ghcr,1,0,0,1,0,0,0,0,0,0,0,0
chatcmpl-tool-9875d32312c7bda6,chatcmpl-tool-9875d32312c7bda6,mini-swe-agent-forest,detect,2024-01-canto,1,0,0,1,0,0,0,0,0,0,0,0
chatcmpl-tool-98bec8bfd2fa1129,chatcmpl-tool-98bec8bfd2fa1129,mini-swe-agent-forest,detect,2026-05-04-ghcr,1,0,0,1,0,0,0,0,0,0,0,0
chatcmpl-tool-98c90f34093b366d,chatcmpl-tool-98c90f34093b366d,mini-swe-agent-forest,detect,2026-05-04-ghcr,1,0,0,1,0,0,0,0,0,0,0,0
chatcmpl-tool-9909465423973e30,chatcmpl-tool-9909465423973e30,mini-swe-agent-forest,detect,2024-01-canto,1,0,0,1,0,0,0,0,0,0,0,0
chatcmpl-tool-9936d9dcc61186e8,chatcmpl-tool-9936d9dcc61186e8,mini-swe-agent-forest,detect,2024-01-canto,1,0,0,1,0,0,0,0,0,0,0,0
chatcmpl-tool-994e4077c193310d,chatcmpl-tool-994e4077c193310d,mini-swe-agent-forest,detect,2024-01-canto,1,0,0,1,0,0,0,0,0,0,0,0
chatcmpl-tool-997b7498f23d8176,chatcmpl-tool-997b7498f23d8176,mini-swe-agent-forest,detect,2024-01-canto,1,0,0,1,0,0,0,0,0,0,0,0
chatcmpl-tool-9a6db0868786adc9,chatcmpl-tool-9a6db0868786adc9,mini-swe-agent-forest,detect,2024-01-canto,1,0,0,1,0,0,0,0,0,0,0,0
chatcmpl-tool-9ad5b73e5f34217a,chatcmpl-tool-9ad5b73e5f34217a,mini-swe-agent-forest,unknown,2024-01-canto,1,0,0,1,0,0,0,0,0,0,0,0
chatcmpl-tool-9b06aa10396fde11,chatcmpl-tool-9b06aa10396fde11,mini-swe-agent-forest,detect,2024-01-canto,1,0,0,1,0,0,0,0,0,0,0,0
chatcmpl-tool-9b510ea59200189a,chatcmpl-tool-9b510ea59200189a,mini-swe-agent-forest,detect,2024-01-canto,1,0,0,1,0,0,0,0,0,0,0,0
chatcmpl-tool-9b80367cb778f56e,chatcmpl-tool-9b80367cb778f56e,mini-swe-agent-forest,detect,2026-05-04-ghcr,1,0,0,1,0,0,0,0,0,0,0,0
chatcmpl-tool-9bb6756cebc0de35,chatcmpl-tool-9bb6756cebc0de35,mini-swe-agent-forest,unknown,2024-01-canto,1,0,0,1,0,0,0,0,0,0,0,0
chatcmpl-tool-9c7a5607d620cc08,chatcmpl-tool-9c7a5607d620cc08,mini-swe-agent-forest,detect,2026-05-04-ghcr,1,0,0,1,0,0,0,0,0,0,0,0
chatcmpl-tool-9c915000d482af7a,chatcmpl-tool-9c915000d482af7a,mini-swe-agent-forest,detect,2026-05-04-ghcr,1,0,0,1,0,0,0,0,0,0,0,0
chatcmpl-tool-9ca027111c350d26,chatcmpl-tool-9ca027111c350d26,mini-swe-agent-forest,detect,2024-01-canto,1,0,0,1,0,0,0,0,0,0,0,0
chatcmpl-tool-9d77dce5b4aad3d6,chatcmpl-tool-9d77dce5b4aad3d6,mini-swe-agent-forest,detect,2024-01-canto,1,0,0,1,0,0,0,0,0,0,0,0
chatcmpl-tool-9df0a828e00af42b,chatcmpl-tool-9df0a828e00af42b,mini-swe-agent-forest,detect,2024-01-canto,1,0,0,0,0,1,0,0,0,0,0,0
chatcmpl-tool-9df8db120a584114,chatcmpl-tool-9df8db120a584114,mini-swe-agent-forest,detect,2024-01-canto,1,0,0,1,0,0,0,0,0,0,0,0
chatcmpl-tool-9e27e001b5232e9a,chatcmpl-tool-9e27e001b5232e9a,mini-swe-agent-forest,detect,2026-05-04-ghcr,1,0,0,1,0,0,0,0,0,0,0,0
chatcmpl-tool-9e30c24f9397dd7c,chatcmpl-tool-9e30c24f9397dd7c,mini-swe-agent-forest,detect,2026-05-04-ghcr,1,0,0,1,0,0,0,0,0,0,0,0
chatcmpl-tool-9e374777585b5f1c,chatcmpl-tool-9e374777585b5f1c,mini-swe-agent-forest,unknown,2026-05-04-ghcr,1,0,0,1,0,0,0,0,0,0,0,0
chatcmpl-tool-9e51fc14737e3c51,chatcmpl-tool-9e51fc14737e3c51,mini-swe-agent-forest,detect,2024-01-canto,1,0,0,1,0,0,0,0,0,0,0,0
chatcmpl-tool-9e908d89a57d9238,chatcmpl-tool-9e908d89a57d9238,mini-swe-agent-forest,detect,2026-05-04-ghcr,1,0,0,1,0,0,0,0,0,0,0,0
chatcmpl-tool-9ee5dd4a889f6516,chatcmpl-tool-9ee5dd4a889f6516,mini-swe-agent-forest,detect,2024-01-canto,1,0,0,1,0,0,0,0,0,0,0,0
chatcmpl-tool-9f6dd81a1ea5b9bb,chatcmpl-tool-9f6dd81a1ea5b9bb,mini-swe-agent-forest,detect,2024-01-canto,1,0,0,1,0,0,0,0,0,0,0,0
chatcmpl-tool-a0018d88d931bda5,chatcmpl-tool-a0018d88d931bda5,mini-swe-agent-forest,detect,2024-01-canto,1,0,0,1,0,0,0,0,0,0,0,0
chatcmpl-tool-a086849e4a8b12d7,chatcmpl-tool-a086849e4a8b12d7,mini-swe-agent-forest,detect,2024-01-canto,1,0,0,1,0,0,0,0,0,0,0,0
chatcmpl-tool-a0c70566c5612aa6,chatcmpl-tool-a0c70566c5612aa6,mini-swe-agent-forest,detect,2024-01-canto,1,0,0,1,0,0,0,0,0,0,0,0
chatcmpl-tool-a0d0f7ef7f7abaa8,chatcmpl-tool-a0d0f7ef7f7abaa8,mini-swe-agent-forest,detect,2024-01-canto,1,0,0,1,0,0,0,0,0,0,0,0
chatcmpl-tool-a1a7c69ed9d843b6,chatcmpl-tool-a1a7c69ed9d843b6,mini-swe-agent-forest,detect,2024-01-canto,1,0,0,1,0,0,0,0,0,0,0,0
chatcmpl-tool-a296eea754bf272c,chatcmpl-tool-a296eea754bf272c,mini-swe-agent-forest,detect,2024-01-canto,1,0,0,1,0,0,0,0,0,0,0,0
chatcmpl-tool-a31b0f22d041fff8,chatcmpl-tool-a31b0f22d041fff8,mini-swe-agent-forest,unknown,2024-01-canto,1,0,0,1,0,0,0,0,0,0,0,0
chatcmpl-tool-a39f9028854ef2e7,chatcmpl-tool-a39f9028854ef2e7,mini-swe-agent-forest,detect,2024-01-canto,1,0,0,0,0,1,0,0,0,0,0,0
chatcmpl-tool-a3b1766c6e7bf726,chatcmpl-tool-a3b1766c6e7bf726,mini-swe-agent-forest,detect,2024-01-canto,1,0,0,1,0,0,0,0,0,0,0,0
chatcmpl-tool-a3c064fd6421009a,chatcmpl-tool-a3c064fd6421009a,mini-swe-agent-forest,detect,2024-01-canto,1,0,0,1,0,0,0,0,0,0,0,0
chatcmpl-tool-a4222d67042463d9,chatcmpl-tool-a4222d67042463d9,mini-swe-agent-forest,detect,2026-05-04-ghcr,1,0,0,1,0,0,0,0,0,0,0,0
chatcmpl-tool-a44dc5ed52598d19,chatcmpl-tool-a44dc5ed52598d19,mini-swe-agent-forest,detect,2024-01-canto,1,0,0,1,0,0,0,0,0,0,0,0
chatcmpl-tool-a46678983b7c70d7,chatcmpl-tool-a46678983b7c70d7,mini-swe-agent-forest,detect,2024-01-canto,1,0,0,1,0,0,0,0,0,0,0,0
chatcmpl-tool-a48921c62282d4d2,chatcmpl-tool-a48921c62282d4d2,mini-swe-agent-forest,detect,2024-01-canto,1,0,0,1,0,0,0,0,0,0,0,0
chatcmpl-tool-a4d4b861a51b78a5,chatcmpl-tool-a4d4b861a51b78a5,mini-swe-agent-forest,detect,2024-01-canto,1,0,0,1,0,0,0,0,0,0,0,0
chatcmpl-tool-a4f9249e1752349c,chatcmpl-tool-a4f9249e1752349c,mini-swe-agent-forest,detect,2024-01-canto,1,0,0,0,0,0,0,0,0,0,0,1
chatcmpl-tool-a53f839949419a13,chatcmpl-tool-a53f839949419a13,mini-swe-agent-forest,detect,2026-05-04-ghcr,1,0,0,1,0,0,0,0,0,0,0,0
chatcmpl-tool-a5463c050d31926c,chatcmpl-tool-a5463c050d31926c,mini-swe-agent-forest,detect,2024-01-canto,1,0,0,1,0,0,0,0,0,0,0,0
chatcmpl-tool-a577f9a3eab19122,chatcmpl-tool-a577f9a3eab19122,mini-swe-agent-forest,detect,2024-01-canto,1,0,0,1,0,0,0,0,0,0,0,0
chatcmpl-tool-a5fef2820597b427,chatcmpl-tool-a5fef2820597b427,mini-swe-agent-forest,detect,2024-01-canto,1,0,0,1,0,0,0,0,0,0,0,0
chatcmpl-tool-a61d41b23d8ff3c4,chatcmpl-tool-a61d41b23d8ff3c4,mini-swe-agent-forest,detect,2024-01-canto,1,0,0,1,0,0,0,0,0,0,0,0
chatcmpl-tool-a6fe85011393d477,chatcmpl-tool-a6fe85011393d477,mini-swe-agent-forest,detect,2024-01-canto,1,0,0,0,1,0,0,0,0,0,0,0
chatcmpl-tool-a7171cf1ba359574,chatcmpl-tool-a7171cf1ba359574,mini-swe-agent-forest,detect,2024-01-canto,1,0,0,1,0,0,0,0,0,0,0,0
chatcmpl-tool-a75810b98f219842,chatcmpl-tool-a75810b98f219842,mini-swe-agent-forest,detect,2024-01-canto,1,0,0,1,0,0,0,0,0,0,0,0
chatcmpl-tool-a78cf200f861d6b7,chatcmpl-tool-a78cf200f861d6b7,mini-swe-agent-forest,detect,2024-01-canto,1,0,0,1,0,0,0,0,0,0,0,0
chatcmpl-tool-a7e6145f797f9e18,chatcmpl-tool-a7e6145f797f9e18,mini-swe-agent-forest,detect,2026-05-04-ghcr,1,0,0,1,0,0,0,0,0,0,0,0
chatcmpl-tool-a81c3e873ea094ae,chatcmpl-tool-a81c3e873ea094ae,mini-swe-agent-forest,unknown,2026-05-04-ghcr,1,0,0,1,0,0,0,0,0,0,0,0
chatcmpl-tool-a84cee2ea34a06b9,chatcmpl-tool-a84cee2ea34a06b9,mini-swe-agent-forest,detect,2024-01-canto,1,0,0,1,0,0,0,0,0,0,0,0
chatcmpl-tool-a9212d2da6ef0b4f,chatcmpl-tool-a9212d2da6ef0b4f,mini-swe-agent-forest,detect,2024-01-canto,1,0,0,1,0,0,0,0,0,0,0,0
chatcmpl-tool-a9b002d0408143e1,chatcmpl-tool-a9b002d0408143e1,mini-swe-agent-forest,detect,2024-01-canto,1,0,0,1,0,0,0,0,0,0,0,0
chatcmpl-tool-a9ba0673ac7f81d6,chatcmpl-tool-a9ba0673ac7f81d6,mini-swe-agent-forest,detect,2024-01-canto,1,0,0,1,0,0,0,0,0,0,0,0
chatcmpl-tool-aa290287c1c9d8ae,chatcmpl-tool-aa290287c1c9d8ae,mini-swe-agent-forest,detect,2024-01-canto,1,0,0,1,0,0,0,0,0,0,0,0
chatcmpl-tool-aa9dbcbeeadf6260,chatcmpl-tool-aa9dbcbeeadf6260,mini-swe-agent-forest,detect,2024-01-canto,1,0,0,1,0,0,0,0,0,0,0,0
chatcmpl-tool-aaae65d6eb976fff,chatcmpl-tool-aaae65d6eb976fff,mini-swe-agent-forest,detect,2024-01-canto,1,0,0,1,0,0,0,0,0,0,0,0
chatcmpl-tool-aabc7396036fde3e,chatcmpl-tool-aabc7396036fde3e,mini-swe-agent-forest,detect,2026-05-04-ghcr,1,0,0,1,0,0,0,0,0,0,0,0
chatcmpl-tool-aae0b13416a662c3,chatcmpl-tool-aae0b13416a662c3,mini-swe-agent-forest,detect,2024-01-canto,1,0,0,1,0,0,0,0,0,0,0,0
chatcmpl-tool-ab06ca7dc42638c6,chatcmpl-tool-ab06ca7dc42638c6,mini-swe-agent-forest,unknown,2024-01-canto,1,0,0,1,0,0,0,0,0,0,0,0
chatcmpl-tool-ab0873b89ebbe2d6,chatcmpl-tool-ab0873b89ebbe2d6,mini-swe-agent-forest,detect,2024-01-canto,1,0,0,1,0,0,0,0,0,0,0,0
chatcmpl-tool-aba8a431f177bc87,chatcmpl-tool-aba8a431f177bc87,mini-swe-agent-forest,detect,2024-01-canto,1,0,0,0,1,0,0,0,0,0,0,0
chatcmpl-tool-abddca69e0bc0981,chatcmpl-tool-abddca69e0bc0981,mini-swe-agent-forest,detect,2024-01-canto,1,0,0,1,0,0,0,0,0,0,0,0
chatcmpl-tool-ac056a7693c5a3d7,chatcmpl-tool-ac056a7693c5a3d7,mini-swe-agent-forest,detect,2024-01-canto,1,0,0,1,0,0,0,0,0,0,0,0
chatcmpl-tool-ac85196ddbeb03c2,chatcmpl-tool-ac85196ddbeb03c2,mini-swe-agent-forest,detect,2024-01-canto,1,0,0,1,0,0,0,0,0,0,0,0
chatcmpl-tool-acdba303812e78ae,chatcmpl-tool-acdba303812e78ae,mini-swe-agent-forest,detect,2024-01-canto,1,0,0,0,0,1,0,0,0,0,0,0
chatcmpl-tool-ad2dbfca38527e49,chatcmpl-tool-ad2dbfca38527e49,mini-swe-agent-forest,detect,2024-01-canto,1,0,0,1,0,0,0,0,0,0,0,0
chatcmpl-tool-ad801a8345fcd25c,chatcmpl-tool-ad801a8345fcd25c,mini-swe-agent-forest,detect,2024-01-canto,1,0,0,1,0,0,0,0,0,0,0,0
chatcmpl-tool-ae1ea13e32969a7a,chatcmpl-tool-ae1ea13e32969a7a,mini-swe-agent-forest,detect,2024-01-canto,1,0,0,1,0,0,0,0,0,0,0,0
chatcmpl-tool-ae5c36e573c7b6c5,chatcmpl-tool-ae5c36e573c7b6c5,mini-swe-agent-forest,detect,2024-01-canto,1,0,0,0,0,1,0,0,0,0,0,0
chatcmpl-tool-ae9383ba5021ccac,chatcmpl-tool-ae9383ba5021ccac,mini-swe-agent-forest,unknown,2026-05-04-ghcr,1,0,0,1,0,0,0,0,0,0,0,0
chatcmpl-tool-af4dca9d008c2319,chatcmpl-tool-af4dca9d008c2319,mini-swe-agent-forest,detect,2024-01-canto,1,0,0,1,0,0,0,0,0,0,0,0
chatcmpl-tool-af65a3aa399e9431,chatcmpl-tool-af65a3aa399e9431,mini-swe-agent-forest,detect,2024-01-canto,1,0,0,1,0,0,0,0,0,0,0,0
chatcmpl-tool-af667896d34b5dfd,chatcmpl-tool-af667896d34b5dfd,mini-swe-agent-forest,detect,2026-05-04-ghcr,1,0,0,1,0,0,0,0,0,0,0,0
chatcmpl-tool-af892c21c3b6783f,chatcmpl-tool-af892c21c3b6783f,mini-swe-agent-forest,detect,2024-01-canto,1,0,1,0,0,0,0,0,0,0,0,0
chatcmpl-tool-afd2e54fc2874486,chatcmpl-tool-afd2e54fc2874486,mini-swe-agent-forest,detect,2024-01-canto,1,0,0,0,1,0,0,0,0,0,0,0
chatcmpl-tool-afdf9ed2cdb5f106,chatcmpl-tool-afdf9ed2cdb5f106,mini-swe-agent-forest,detect,2024-01-canto,1,0,0,1,0,0,0,0,0,0,0,0
chatcmpl-tool-b03a58a3b1d36d7d,chatcmpl-tool-b03a58a3b1d36d7d,mini-swe-agent-forest,detect,2024-01-canto,1,0,0,1,0,0,0,0,0,0,0,0
chatcmpl-tool-b050f126e02753d5,chatcmpl-tool-b050f126e02753d5,mini-swe-agent-forest,detect,2024-01-canto,1,0,0,1,0,0,0,0,0,0,0,0
chatcmpl-tool-b0c1601f2a950ebd,chatcmpl-tool-b0c1601f2a950ebd,mini-swe-agent-forest,unknown,2026-05-04-ghcr,1,0,0,1,0,0,0,0,0,0,0,0
chatcmpl-tool-b2053f8014439aa6,chatcmpl-tool-b2053f8014439aa6,mini-swe-agent-forest,detect,2024-01-canto,1,0,0,1,0,0,0,0,0,0,0,0
chatcmpl-tool-b212bc3263583fd2,chatcmpl-tool-b212bc3263583fd2,mini-swe-agent-forest,unknown,2026-05-04-ghcr,1,0,0,1,0,0,0,0,0,0,0,0
chatcmpl-tool-b21b06dac046a87d,chatcmpl-tool-b21b06dac046a87d,mini-swe-agent-forest,detect,2024-01-canto,1,0,0,1,0,0,0,0,0,0,0,0
chatcmpl-tool-b21dd5d8e475a32c,chatcmpl-tool-b21dd5d8e475a32c,mini-swe-agent-forest,detect,2026-05-04-ghcr,1,0,0,1,0,0,0,0,0,0,0,0
chatcmpl-tool-b235d04938e60631,chatcmpl-tool-b235d04938e60631,mini-swe-agent-forest,detect,2024-01-canto,1,0,0,1,0,0,0,0,0,0,0,0
chatcmpl-tool-b26e3f5d6aff3d8e,chatcmpl-tool-b26e3f5d6aff3d8e,mini-swe-agent-forest,detect,2024-01-canto,1,0,0,1,0,0,0,0,0,0,0,0
chatcmpl-tool-b277818b6247427a,chatcmpl-tool-b277818b6247427a,mini-swe-agent-forest,detect,2024-01-canto,1,0,0,1,0,0,0,0,0,0,0,0
chatcmpl-tool-b2974574aa65683c,chatcmpl-tool-b2974574aa65683c,mini-swe-agent-forest,unknown,2026-05-04-ghcr,1,0,0,1,0,0,0,0,0,0,0,0
chatcmpl-tool-b2d3af1c676291f9,chatcmpl-tool-b2d3af1c676291f9,mini-swe-agent-forest,unknown,2024-01-canto,1,0,0,1,0,0,0,0,0,0,0,0
chatcmpl-tool-b3598d67361c2b16,chatcmpl-tool-b3598d67361c2b16,mini-swe-agent-forest,detect,2026-05-04-ghcr,1,0,0,1,0,0,0,0,0,0,0,0
chatcmpl-tool-b3b2ad40564f2f2f,chatcmpl-tool-b3b2ad40564f2f2f,mini-swe-agent-forest,detect,2024-01-canto,1,0,0,1,0,0,0,0,0,0,0,0
chatcmpl-tool-b3ed15e92971b5ef,chatcmpl-tool-b3ed15e92971b5ef,mini-swe-agent-forest,detect,2026-05-04-ghcr,1,0,0,1,0,0,0,0,0,0,0,0
chatcmpl-tool-b3f110cf66bb27b4,chatcmpl-tool-b3f110cf66bb27b4,mini-swe-agent-forest,unknown,2024-01-canto,1,0,0,1,0,0,0,0,0,0,0,0
chatcmpl-tool-b4201560045fe332,chatcmpl-tool-b4201560045fe332,mini-swe-agent-forest,detect,2024-01-canto,1,0,0,1,0,0,0,0,0,0,0,0
chatcmpl-tool-b455adc15da23415,chatcmpl-tool-b455adc15da23415,mini-swe-agent-forest,detect,2024-01-canto,1,0,0,1,0,0,0,0,0,0,0,0
chatcmpl-tool-b4615e1bf6cc759a,chatcmpl-tool-b4615e1bf6cc759a,mini-swe-agent-forest,detect,2024-01-canto,1,0,0,1,0,0,0,0,0,0,0,0
chatcmpl-tool-b4b97f299a6ffdd7,chatcmpl-tool-b4b97f299a6ffdd7,mini-swe-agent-forest,detect,2026-05-04-ghcr,1,0,0,0,0,1,0,0,0,0,0,0
chatcmpl-tool-b5691c62681c9be0,chatcmpl-tool-b5691c62681c9be0,mini-swe-agent-forest,unknown,2026-05-04-ghcr,1,0,0,1,0,0,0,0,0,0,0,0
chatcmpl-tool-b64c9f8c8f73a099,chatcmpl-tool-b64c9f8c8f73a099,mini-swe-agent-forest,detect,2024-01-canto,1,0,0,1,0,0,0,0,0,0,0,0
chatcmpl-tool-b6bada7932f36000,chatcmpl-tool-b6bada7932f36000,mini-swe-agent-forest,detect,2024-01-canto,1,0,0,1,0,0,0,0,0,0,0,0
chatcmpl-tool-b7379643c09aab06,chatcmpl-tool-b7379643c09aab06,mini-swe-agent-forest,detect,2024-01-canto,1,0,0,1,0,0,0,0,0,0,0,0
chatcmpl-tool-b74566e37702360b,chatcmpl-tool-b74566e37702360b,mini-swe-agent-forest,detect,2026-05-04-ghcr,1,0,0,1,0,0,0,0,0,0,0,0
chatcmpl-tool-b773c7a980ef91c7,chatcmpl-tool-b773c7a980ef91c7,mini-swe-agent-forest,detect,2024-01-canto,1,0,0,0,1,0,0,0,0,0,0,0
chatcmpl-tool-b77710dc3eb94010,chatcmpl-tool-b77710dc3eb94010,mini-swe-agent-forest,detect,2026-05-04-ghcr,1,0,0,1,0,0,0,0,0,0,0,0
chatcmpl-tool-b8659f8decfc4960,chatcmpl-tool-b8659f8decfc4960,mini-swe-agent-forest,detect,2024-01-canto,1,0,0,1,0,0,0,0,0,0,0,0
chatcmpl-tool-b8665d1523d68751,chatcmpl-tool-b8665d1523d68751,mini-swe-agent-forest,detect,2024-01-canto,1,0,0,1,0,0,0,0,0,0,0,0
chatcmpl-tool-b89c3b966c9220e0,chatcmpl-tool-b89c3b966c9220e0,mini-swe-agent-forest,detect,2024-01-canto,1,0,0,1,0,0,0,0,0,0,0,0
chatcmpl-tool-b8ace9fb632776a7,chatcmpl-tool-b8ace9fb632776a7,mini-swe-agent-forest,detect,2026-05-04-ghcr,1,0,0,1,0,0,0,0,0,0,0,0
chatcmpl-tool-b8b96abd4a5a84b6,chatcmpl-tool-b8b96abd4a5a84b6,mini-swe-agent-forest,unknown,2024-01-canto,1,0,0,1,0,0,0,0,0,0,0,0
chatcmpl-tool-b8bbc3ccb42c8c38,chatcmpl-tool-b8bbc3ccb42c8c38,mini-swe-agent-forest,detect,2026-05-04-ghcr,1,0,0,1,0,0,0,0,0,0,0,0
chatcmpl-tool-b8cc8bd3fc4920b0,chatcmpl-tool-b8cc8bd3fc4920b0,mini-swe-agent-forest,detect,2024-01-canto,1,0,0,1,0,0,0,0,0,0,0,0
chatcmpl-tool-b938949713975def,chatcmpl-tool-b938949713975def,mini-swe-agent-forest,detect,2024-01-canto,1,0,0,1,0,0,0,0,0,0,0,0
chatcmpl-tool-b9478b15083539af,chatcmpl-tool-b9478b15083539af,mini-swe-agent-forest,detect,2024-01-canto,1,0,0,1,0,0,0,0,0,0,0,0
chatcmpl-tool-b94e54dbe9f7cae9,chatcmpl-tool-b94e54dbe9f7cae9,mini-swe-agent-forest,detect,2026-05-04-ghcr,1,0,0,1,0,0,0,0,0,0,0,0
chatcmpl-tool-b9a78b31d3cc61c4,chatcmpl-tool-b9a78b31d3cc61c4,mini-swe-agent-forest,detect,2026-05-04-ghcr,1,0,0,1,0,0,0,0,0,0,0,0
chatcmpl-tool-badbb3ffce2e6366,chatcmpl-tool-badbb3ffce2e6366,mini-swe-agent-forest,detect,2024-01-canto,1,0,0,1,0,0,0,0,0,0,0,0
chatcmpl-tool-bb123e498788a1cb,chatcmpl-tool-bb123e498788a1cb,mini-swe-agent-forest,detect,2024-01-canto,1,0,0,1,0,0,0,0,0,0,0,0
chatcmpl-tool-bbd5ac31dba6f54d,chatcmpl-tool-bbd5ac31dba6f54d,mini-swe-agent-forest,detect,2024-01-canto,1,0,0,1,0,0,0,0,0,0,0,0
chatcmpl-tool-bc4dcb373df743f4,chatcmpl-tool-bc4dcb373df743f4,mini-swe-agent-forest,detect,2024-01-canto,1,0,0,1,0,0,0,0,0,0,0,0
chatcmpl-tool-bce69530746f01f8,chatcmpl-tool-bce69530746f01f8,mini-swe-agent-forest,detect,2024-01-canto,1,0,0,1,0,0,0,0,0,0,0,0
chatcmpl-tool-bcfd2648343f46ec,chatcmpl-tool-bcfd2648343f46ec,mini-swe-agent-forest,detect,2024-01-canto,1,0,0,0,0,1,0,0,0,0,0,0
chatcmpl-tool-bde8cd695e79f1b6,chatcmpl-tool-bde8cd695e79f1b6,mini-swe-agent-forest,detect,2024-01-canto,1,0,0,1,0,0,0,0,0,0,0,0
chatcmpl-tool-be0cdef487a4c052,chatcmpl-tool-be0cdef487a4c052,mini-swe-agent-forest,unknown,2024-01-canto,1,0,0,1,0,0,0,0,0,0,0,0
chatcmpl-tool-be7b8cd7a1956417,chatcmpl-tool-be7b8cd7a1956417,mini-swe-agent-forest,detect,2024-01-canto,1,0,0,1,0,0,0,0,0,0,0,0
chatcmpl-tool-beb11cdde3cddd7f,chatcmpl-tool-beb11cdde3cddd7f,mini-swe-agent-forest,detect,2024-01-canto,1,0,0,1,0,0,0,0,0,0,0,0
chatcmpl-tool-bec6164b66506c8a,chatcmpl-tool-bec6164b66506c8a,mini-swe-agent-forest,detect,2024-01-canto,1,0,0,1,0,0,0,0,0,0,0,0
chatcmpl-tool-bf456549f5d6ad65,chatcmpl-tool-bf456549f5d6ad65,mini-swe-agent-forest,detect,2024-01-canto,1,0,0,1,0,0,0,0,0,0,0,0
chatcmpl-tool-bf4f6e1ae410215c,chatcmpl-tool-bf4f6e1ae410215c,mini-swe-agent-forest,unknown,2024-01-canto,1,0,0,1,0,0,0,0,0,0,0,0
chatcmpl-tool-bfb0f5e2d999b99c,chatcmpl-tool-bfb0f5e2d999b99c,mini-swe-agent-forest,detect,2024-01-canto,1,0,0,1,0,0,0,0,0,0,0,0
chatcmpl-tool-bfc6253fdb7e99f9,chatcmpl-tool-bfc6253fdb7e99f9,mini-swe-agent-forest,detect,2024-01-canto,1,0,0,1,0,0,0,0,0,0,0,0
chatcmpl-tool-bfdd3d02ff047f88,chatcmpl-tool-bfdd3d02ff047f88,mini-swe-agent-forest,unknown,2024-01-canto,1,0,0,1,0,0,0,0,0,0,0,0
codex--gpt-5.4-6641e7fa--detect--2025-06-panoptic,codex--gpt-5.4-6641e7fa--detect--2025-06-panoptic,codex,detect,2025-06-panoptic,1,0,0,0,0,0,0,1,0,0,0,0
codex--gpt-5.4-6641e7fa--exploit--2025-06-panoptic,codex--gpt-5.4-6641e7fa--exploit--2025-06-panoptic,codex,exploit,2025-06-panoptic,1,0,0,0,0,0,0,1,0,0,0,0
codex--gpt-5.4-6641e7fa--patch--2025-06-panoptic,codex--gpt-5.4-6641e7fa--patch--2025-06-panoptic,codex,patch,2025-06-panoptic,1,0,0,0,0,0,0,1,0,0,0,0
mini-swe-agent-modal-forest-qwen-vllm-4trees-debug,mini-swe-agent-modal-forest-qwen-vllm-4trees-debug,mini-swe-agent-modal-forest-qwen-vllm-4trees-debug,detect,2026-05-04,1,0,0,0,0,0,0,1,0,0,0,0
